{
        "parent": "item/handheld_rod",
        "textures": {
            "layer0": "item/stick"
        },
    "overrides": [
        { "predicate": {"custom_model_data": 1}, "model": "custom/oneiricforgeteam"},
        { "predicate": {"custom_model_data": 2}, "model": "custom/teams"},
        { "predicate": {"custom_model_data": 3}, "model": "custom/play"},
        { "predicate": {"custom_model_data": 4}, "model": "custom/cosmetics"},
        { "predicate": {"custom_model_data": 5}, "model": "custom/map"},
        { "predicate": {"custom_model_data": 6}, "model": "custom/credits"}
]
}