{
        "parent": "block/stone",
    "overrides": [
        { "predicate": {"custom_model_data": 0}, "model": "snowmobiles/snowmobile_w"},
        { "predicate": {"custom_model_data": 1}, "model": "snowmobiles/snowmobile_r"},
        { "predicate": {"custom_model_data": 2}, "model": "snowmobiles/snowmobile_b"},
        { "predicate": {"custom_model_data": 3}, "model": "snowmobiles/snowmobile_y"},
        { "predicate": {"custom_model_data": 4}, "model": "snowmobiles/snowmobile_g"},
        { "predicate": {"custom_model_data": 10}, "model": "bonus/rolling_pufferfish"},
        { "predicate": {"custom_model_data": 11}, "model": "bonus/baby_creeper"},
        { "predicate": {"custom_model_data": 12}, "model": "bonus/baby_creeper_animated"},
        { "predicate": {"custom_model_data": 21}, "model": "snowmobiles/crown_snowmobile"},
        { "predicate": {"custom_model_data": 28}, "model": "snowmobiles/firefighter_snowmobile"}
]
}