{
        "parent": "item/handheld_rod",
        "textures": {
            "layer0": "item/warped_fungus_on_a_stick"
        },
    "overrides": [
        { "predicate": {"custom_model_data": 1}, "model": "bonus/wither_skull"},
        { "predicate": {"custom_model_data": 2}, "model": "bonus/rolling_pufferfish"},
        { "predicate": {"custom_model_data": 3}, "model": "bonus/baby_creeper"},
        { "predicate": {"custom_model_data": 4}, "model": "bonus/baby_creeper_animated"},
        { "predicate": {"custom_model_data": 5}, "model": "item/firework_rocket"},
        { "predicate": {"custom_model_data": 6}, "model": "bonus/ruby"},
        { "predicate": {"custom_model_data": 7}, "model": "bonus/random"},
        { "predicate": {"custom_model_data": 8}, "model": "item/netherite_chestplate"},
        { "predicate": {"custom_model_data": 9}, "model": "bonus/hammer"},
        { "predicate": {"custom_model_data": 10}, "model": "bonus/boomerang"}
]
}