{
	"lobby.shop": {
		"sounds": [
			{
				"name": "lobby/shop",
				"attenuation_distance": 120,
				"stream": true,
				"preload": true
			}
		]
	},
	"lobby.lobby": {
		"sounds": [
			{
				"name": "lobby/lobby",
				"attenuation_distance": 120,
				"stream": true,
				"preload": true
			}
		]
	},
	"lobby.cash": {
		"sounds": [
			{
				"name": "lobby/cash",
				"attenuation_distance": 120,
				"stream": true,
				"preload": true
			}
		]
	},
	"game.ingame": {
		"sounds": [
			{
				"name": "game/ingame",
				"attenuation_distance": 120,
				"stream": true,
				"preload": true
			}
		]
	},
	"game.20s": {
		"sounds": [
			{
				"name": "game/20s",
				"attenuation_distance": 120,
				"stream": true,
				"preload": true
			}
		]
	},
	"game.darude": {
		"sounds": [
			{
				"name": "game/darude",
				"attenuation_distance": 120,
				"stream": true,
				"preload": true
			}
		]
	}
}