{
	"credit": "Made with Blockbench",
	"textures": {
		"1": "entity/creeper/baby_creeper"
	},
	"elements": [
		{
			"from": [4, 11, 3],
			"to": [14, 13, 13],
			"rotation": {"angle": -22.5, "axis": "z", "origin": [8, 14, 8]},
			"faces": {
				"north": {"uv": [0, 15, 2, 16], "texture": "#1"},
				"east": {"uv": [0, 15, 2, 16], "texture": "#1"},
				"south": {"uv": [0, 15, 2, 16], "texture": "#1"},
				"west": {"uv": [0, 15, 2, 16], "texture": "#1"},
				"up": {"uv": [2, 13, 3.5, 14.5], "texture": "#1"},
				"down": {"uv": [2, 14.5, 3.5, 16], "texture": "#1"}
			}
		},
		{
			"from": [5.5, 13, 4],
			"to": [12.5, 16, 12],
			"rotation": {"angle": -22.5, "axis": "z", "origin": [8, 14, 8]},
			"faces": {
				"north": {"uv": [4.5, 14.5, 8, 16], "texture": "#1"},
				"east": {"uv": [8, 14.5, 9, 16], "texture": "#1"},
				"south": {"uv": [3.5, 14.5, 5, 16], "texture": "#1"},
				"west": {"uv": [8, 14.5, 9, 16], "texture": "#1"},
				"up": {"uv": [0, 13, 1.5, 14], "texture": "#1"},
				"down": {"uv": [0, 0, 8, 8], "texture": "#1"}
			}
		},
		{
			"from": [6, 15.3, 5.5],
			"to": [11, 19, 10.5],
			"rotation": {"angle": -45, "axis": "z", "origin": [8, 14, 8]},
			"faces": {
				"north": {"uv": [0, 13, 1.5, 14.5], "texture": "#1"},
				"east": {"uv": [0, 13, 1.5, 14.5], "texture": "#1"},
				"south": {"uv": [0, 13, 1.5, 14.5], "texture": "#1"},
				"west": {"uv": [0, 13, 1.5, 14.5], "texture": "#1"},
				"up": {"uv": [0, 13, 1.5, 14], "texture": "#1"},
				"down": {"uv": [0, 0, 5, 5], "texture": "#1"}
			}
		},
		{
			"from": [10.47487, 15.06777, 6.5],
			"to": [14.47487, 18.06777, 9.5],
			"rotation": {"angle": 22.5, "axis": "z", "origin": [10.47487, 15.76777, 8]},
			"faces": {
				"north": {"uv": [0, 13, 1.5, 14], "texture": "#1"},
				"east": {"uv": [0, 13, 1.5, 14], "texture": "#1"},
				"south": {"uv": [0, 13, 1.5, 14], "texture": "#1"},
				"west": {"uv": [0, 13, 1.5, 14], "texture": "#1"},
				"up": {"uv": [0, 13, 1.5, 14], "texture": "#1"},
				"down": {"uv": [0, 13, 1.5, 14], "texture": "#1"}
			}
		},
		{
			"from": [4.7, 0, 9],
			"to": [7.7, 3, 13],
			"rotation": {"angle": 0, "axis": "y", "origin": [12.4, 1.5, 11]},
			"faces": {
				"north": {"uv": [6, 11.5, 7.5, 13], "texture": "#1"},
				"east": {"uv": [2, 11.5, 0, 13], "texture": "#1"},
				"south": {"uv": [2, 11.5, 3.5, 13], "texture": "#1"},
				"west": {"uv": [6, 11.5, 4, 13], "texture": "#1"},
				"up": {"uv": [3.5, 10, 2, 8], "texture": "#1"},
				"down": {"uv": [6, 8, 4.5, 10], "texture": "#1"}
			}
		},
		{
			"from": [4, 5, 4],
			"to": [12, 13, 12],
			"rotation": {"angle": 0, "axis": "y", "origin": [4, -5, 4]},
			"faces": {
				"north": {"uv": [4, 4, 8, 8], "texture": "#1"},
				"east": {"uv": [0, 4, 4, 8], "texture": "#1"},
				"south": {"uv": [12, 4, 16, 8], "texture": "#1"},
				"west": {"uv": [8, 4, 12, 8], "texture": "#1"},
				"up": {"uv": [4, 4, 8, 0], "texture": "#1"},
				"down": {"uv": [8, 4, 12, 0], "texture": "#1"}
			}
		},
		{
			"from": [5, 1, 6],
			"to": [11, 5, 10],
			"rotation": {"angle": 0, "axis": "y", "origin": [4, -5, 4]},
			"faces": {
				"north": {"uv": [5, 10, 8, 12], "texture": "#1"},
				"east": {"uv": [11.5, 5.5, 13.5, 7.5], "texture": "#1"},
				"south": {"uv": [5, 10, 8, 12], "texture": "#1"},
				"west": {"uv": [7.5, 10, 9.5, 12], "texture": "#1"},
				"up": {"uv": [0, 0, 6, 4], "texture": "#1"},
				"down": {"uv": [5, 10, 8, 12], "texture": "#1"}
			}
		},
		{
			"from": [8.3, 0, 3],
			"to": [11.3, 3, 7],
			"rotation": {"angle": 0, "axis": "y", "origin": [3.6, 1.5, 5]},
			"faces": {
				"north": {"uv": [2, 11.5, 3.5, 13], "texture": "#1"},
				"east": {"uv": [6, 11.5, 4, 13], "texture": "#1"},
				"south": {"uv": [6, 11.5, 7.5, 13], "texture": "#1"},
				"west": {"uv": [2, 11.5, 0, 13], "texture": "#1"},
				"up": {"uv": [2, 8, 3.5, 10], "texture": "#1"},
				"down": {"uv": [4.5, 10, 6, 8], "texture": "#1"}
			}
		},
		{
			"from": [4.7, 0, 3],
			"to": [7.7, 3, 7],
			"rotation": {"angle": 0, "axis": "y", "origin": [12.4, 1.5, 5]},
			"faces": {
				"north": {"uv": [3.5, 11.5, 2, 13], "texture": "#1"},
				"east": {"uv": [0, 11.5, 2, 13], "texture": "#1"},
				"south": {"uv": [7.5, 11.5, 6, 13], "texture": "#1"},
				"west": {"uv": [4, 11.5, 6, 13], "texture": "#1"},
				"up": {"uv": [3.5, 8, 2, 10], "texture": "#1"},
				"down": {"uv": [6, 10, 4.5, 8], "texture": "#1"}
			}
		},
		{
			"from": [8.3, 0, 9],
			"to": [11.3, 3, 13],
			"rotation": {"angle": 0, "axis": "y", "origin": [3.6, 1.5, 11]},
			"faces": {
				"north": {"uv": [7.5, 11.5, 6, 13], "texture": "#1"},
				"east": {"uv": [4, 11.5, 6, 13], "texture": "#1"},
				"south": {"uv": [3.5, 11.5, 2, 13], "texture": "#1"},
				"west": {"uv": [0, 11.5, 2, 13], "texture": "#1"},
				"up": {"uv": [2, 10, 3.5, 8], "texture": "#1"},
				"down": {"uv": [4.5, 8, 6, 10], "texture": "#1"}
			}
		}
	],
	"display": {
		"thirdperson_righthand": {
			"rotation": [75, 45, 0],
			"translation": [0, 1.25, 1],
			"scale": [0.375, 0.375, 0.375]
		},
		"thirdperson_lefthand": {
			"rotation": [75, 45, 0],
			"translation": [0, 1.25, 1],
			"scale": [0.375, 0.375, 0.375]
		},
		"firstperson_righthand": {
			"rotation": [18, 106, -10],
			"translation": [1.5, 3, 1],
			"scale": [0.375, 0.375, 0.375]
		},
		"firstperson_lefthand": {
			"rotation": [18, 106, -10],
			"translation": [1.5, 3, 1],
			"scale": [0.375, 0.375, 0.375]
		},
		"ground": {
			"translation": [0, 1.5, 0],
			"scale": [0.7, 0.7, 0.7]
		},
		"gui": {
			"rotation": [30, 134, 0],
			"translation": [0, -0.75, 0],
			"scale": [0.7, 0.7, 0.7]
		},
		"head": {
			"translation": [0, -33, 0],
			"scale": [1.3, 1.3, 1.3]
		},
		"fixed": {
			"scale": [1.4, 1.4, 1.4]
		}
	},
	"groups": [
		{
			"name": "hat",
			"origin": [10.47487, 15.76777, 8],
			"color": 0,
			"children": [0, 1, 2, 3]
		},
		{
			"name": "creeper",
			"origin": [3.6, 1.5, 11],
			"color": 0,
			"children": [4, 5, 6, 7, 8, 9]
		}
	]
}