{
	"credit": "Made with Blockbench",
	"textures": {
		"0": "item/boomerang",
		"particle": "item/boomerang"
	},
	"elements": [
		{
			"from": [0, 0, 0],
			"to": [4, 1.5, 14],
			"faces": {
				"north": {"uv": [4, 0, 0, 1], "texture": "#0"},
				"east": {"uv": [3, 0, 4, 14], "rotation": 90, "texture": "#0"},
				"south": {"uv": [0, 13, 4, 14], "texture": "#0"},
				"west": {"uv": [0, 0, 1, 14], "rotation": 270, "texture": "#0"},
				"up": {"uv": [0, 0, 4, 14], "texture": "#0"},
				"down": {"uv": [0, 14, 4, 0], "texture": "#0"}
			}
		},
		{
			"from": [0, 0.2, 14],
			"to": [3, 1.2, 17],
			"faces": {
				"east": {"uv": [6, 13, 7, 16], "rotation": 90, "texture": "#0"},
				"south": {"uv": [4, 13, 7, 14], "texture": "#0"},
				"west": {"uv": [4, 13, 5, 16], "rotation": 270, "texture": "#0"},
				"up": {"uv": [4, 13, 7, 16], "texture": "#0"},
				"down": {"uv": [4, 16, 7, 13], "texture": "#0"}
			}
		},
		{
			"from": [4, 0, 0],
			"to": [14, 1.5, 4],
			"faces": {
				"north": {"uv": [14, 0, 4, 1], "texture": "#0"},
				"east": {"uv": [13, 0, 14, 4], "rotation": 90, "texture": "#0"},
				"south": {"uv": [4, 3, 14, 4], "texture": "#0"},
				"up": {"uv": [4, 0, 14, 4], "texture": "#0"},
				"down": {"uv": [4, 4, 14, 0], "texture": "#0"}
			}
		},
		{
			"from": [14, 0.2, 0],
			"to": [17, 1.2, 3],
			"faces": {
				"north": {"uv": [16, 4, 13, 5], "texture": "#0"},
				"east": {"uv": [15, 4, 16, 7], "rotation": 90, "texture": "#0"},
				"south": {"uv": [13, 6, 16, 7], "texture": "#0"},
				"up": {"uv": [13, 4, 16, 7], "texture": "#0"},
				"down": {"uv": [13, 7, 16, 4], "texture": "#0"}
			}
		}
	],
	"display": {
		"thirdperson_righthand": {
			"rotation": [123.5, 0, -90],
			"translation": [3.5, 1.25, -1.25],
			"scale": [0.4, 0.4, 0.4]
		},
		"thirdperson_lefthand": {
			"rotation": [123.5, 0, -90],
			"translation": [3.5, 1.25, -1.25],
			"scale": [-0.4, 0.4, 0.4]
		},
		"firstperson_righthand": {
			"rotation": [-30, 165.75, -64],
			"translation": [1.25, 2, -3.5],
			"scale": [0.6, 0.43, 0.6]
		},
		"firstperson_lefthand": {
			"rotation": [-109.25, -154.75, -71.25],
			"translation": [0.5, 1.5, -3.5],
			"scale": [0.6, 0.43, 0.6]
		},
		"ground": {
			"scale": [0.4, 0.4, 0.4]
		},
		"gui": {
			"rotation": [40, -110.25, 0],
			"translation": [-1.75, 4.25, 0],
			"scale": [0.8, 0.8, 0.8]
		},
		"head": {
			"scale": [1.2, 1.2, 1.2]
		},
		"fixed": {
			"rotation": [90, 0, 0],
			"translation": [0, 0, 6.75]
		}
	}
}