{
	"credit": "Made with Blockbench",
	"textures": {
		"0": "block/dark_oak_planks",
		"1": "block/oak_planks",
		"2": "block/birch_planks",
		"3": "block/iron_block",
		"particle": "block/dark_oak_planks"
	},
	"elements": [
		{
			"from": [7, 1, 7],
			"to": [9, 9, 9],
			"rotation": {"angle": 0, "axis": "y", "origin": [8, 6.35, 8]},
			"faces": {
				"north": {"uv": [0, 2, 2, 10], "texture": "#1"},
				"east": {"uv": [0, 2, 2, 10], "texture": "#1"},
				"south": {"uv": [0, 2, 2, 10], "texture": "#1"},
				"west": {"uv": [0, 2, 2, 10], "texture": "#1"}
			}
		},
		{
			"from": [6.8, 9, 6.8],
			"to": [9.2, 10, 9.2],
			"rotation": {"angle": 0, "axis": "y", "origin": [8, 6.35, 8]},
			"faces": {
				"north": {"uv": [0, 0, 2, 1], "texture": "#2"},
				"east": {"uv": [0, 0, 2, 1], "texture": "#2"},
				"south": {"uv": [0, 0, 2, 1], "texture": "#2"},
				"west": {"uv": [0, 0, 2, 1], "texture": "#2"},
				"up": {"uv": [0, 0, 2, 2], "texture": "#2"},
				"down": {"uv": [0, 0, 2, 2], "texture": "#2"}
			}
		},
		{
			"from": [6.8, 0, 6.8],
			"to": [9.2, 1, 9.2],
			"rotation": {"angle": 0, "axis": "y", "origin": [8, 6.35, 8]},
			"faces": {
				"north": {"uv": [0, 0, 2, 1], "texture": "#2"},
				"east": {"uv": [0, 0, 2, 1], "texture": "#2"},
				"south": {"uv": [0, 0, 2, 1], "texture": "#2"},
				"west": {"uv": [0, 0, 2, 1], "texture": "#2"},
				"up": {"uv": [0, 0, 2, 2], "texture": "#2"},
				"down": {"uv": [0, 0, 2, 2], "texture": "#2"}
			}
		},
		{
			"from": [6.2, 10, 6.2],
			"to": [9.8, 10.8, 9.8],
			"rotation": {"angle": 0, "axis": "y", "origin": [8, 6.35, 8]},
			"faces": {
				"north": {"uv": [0, 0, 4, 1], "texture": "#0"},
				"east": {"uv": [0, 0, 4, 1], "texture": "#0"},
				"south": {"uv": [0, 0, 4, 1], "texture": "#0"},
				"west": {"uv": [0, 0, 4, 1], "texture": "#0"},
				"down": {"uv": [0, 0, 4, 4], "texture": "#0"}
			}
		},
		{
			"from": [5, 10.8, 3],
			"to": [11, 16.8, 13],
			"faces": {
				"north": {"uv": [0, 0, 6, 6], "texture": "#3"},
				"east": {"uv": [0, 0, 10, 6], "texture": "#3"},
				"south": {"uv": [0, 0, 6, 6], "texture": "#3"},
				"west": {"uv": [0, 0, 10, 6], "texture": "#3"},
				"up": {"uv": [0, 0, 6, 10], "texture": "#3"},
				"down": {"uv": [0, 0, 6, 10], "texture": "#3"}
			}
		}
	],
	"display": {
		"thirdperson_righthand": {
			"translation": [0, 2.5, 1.25]
		},
		"thirdperson_lefthand": {
			"translation": [0, 2.5, 1.25]
		},
		"firstperson_righthand": {
			"rotation": [0, -8, 0],
			"translation": [3, 2.75, 0]
		},
		"firstperson_lefthand": {
			"rotation": [0, -8, 0],
			"translation": [3, 2.75, 0]
		},
		"gui": {
			"rotation": [90, -135, 90],
			"translation": [-1.5, -1.5, 0],
			"scale": [-1, 1, 1]
		},
		"fixed": {
			"rotation": [0, 90, 0]
		}
	}
}