{
	"credit": "Made with Blockbench",
	"textures": {
		"1": "entity/fish/rolling_pufferfish"
	},
	"elements": [
		{
			"from": [4, 0, 4],
			"to": [12, 8, 12],
			"faces": {
				"north": {"uv": [4, 4, 8, 8], "texture": "#1"},
				"east": {"uv": [0, 4, 4, 8], "texture": "#1"},
				"south": {"uv": [12, 4, 16, 8], "texture": "#1"},
				"west": {"uv": [8, 4, 12, 8], "texture": "#1"},
				"up": {"uv": [4, 4, 8, 0], "texture": "#1"},
				"down": {"uv": [8, 0, 12, 4], "texture": "#1"}
			}
		},
		{
			"from": [2, 7, 5],
			"to": [14, 7, 7],
			"faces": {
				"north": {"uv": [0, 0, 2, 0], "texture": "#1"},
				"east": {"uv": [0, 0, 2, 0], "texture": "#1"},
				"south": {"uv": [0, 0, 2, 0], "texture": "#1"},
				"west": {"uv": [0, 0, 2, 0], "texture": "#1"},
				"up": {"uv": [0, 8, 6, 9], "texture": "#1"},
				"down": {"uv": [0, 9, 6, 8], "texture": "#1"}
			}
		},
		{
			"from": [3, -1, 8],
			"to": [13, 9, 8],
			"faces": {
				"north": {"uv": [6, 8, 11, 13], "texture": "#1"},
				"east": {"uv": [0, 0, 0, 8], "texture": "#1"},
				"south": {"uv": [11, 8, 6, 13], "texture": "#1"},
				"west": {"uv": [0, 0, 0, 8], "texture": "#1"},
				"up": {"uv": [0, 0, 10, 0], "texture": "#1"},
				"down": {"uv": [0, 0, 10, 0], "texture": "#1"}
			}
		},
		{
			"from": [3.2, 0, 3.5],
			"to": [16.5, 8, 3.5],
			"rotation": {"angle": -45, "axis": "y", "origin": [3.5, 0.5, 3.5]},
			"faces": {
				"north": {"uv": [0, 9, 1, 12.5], "texture": "#1"},
				"east": {"uv": [0, 0, 0, 8], "texture": "#missing"},
				"south": {"uv": [1, 9, 0, 12.5], "texture": "#1"},
				"west": {"uv": [0, 0, 0, 8], "texture": "#missing"},
				"up": {"uv": [0, 0, 13.3, 0], "texture": "#missing"},
				"down": {"uv": [0, 0, 13.3, 0], "texture": "#missing"}
			}
		},
		{
			"from": [7.99013, 0, 1.34013],
			"to": [7.99013, 8, 14.64013],
			"rotation": {"angle": -45, "axis": "y", "origin": [7.99013, 4, 7.99013]},
			"faces": {
				"north": {"uv": [0, 0, 0, 8], "texture": "#missing"},
				"east": {"uv": [1.5, 9, 2.5, 12.5], "texture": "#1"},
				"south": {"uv": [0, 0, 0, 8], "texture": "#missing"},
				"west": {"uv": [2.5, 9, 1.5, 12.5], "texture": "#1"},
				"up": {"uv": [0, 0, 13.3, 0], "rotation": 90, "texture": "#missing"},
				"down": {"uv": [0, 0, 13.3, 0], "rotation": 270, "texture": "#missing"}
			}
		},
		{
			"from": [3.99013, 4, 1.34013],
			"to": [11.99013, 4, 14.64013],
			"rotation": {"angle": 45, "axis": "x", "origin": [7.99013, 4, 7.99013]},
			"faces": {
				"north": {"uv": [0, 0, 0, 8], "rotation": 270, "texture": "#missing"},
				"east": {"uv": [0, 0, 13.3, 0], "rotation": 180, "texture": "#missing"},
				"south": {"uv": [0, 0, 0, 8], "rotation": 90, "texture": "#missing"},
				"west": {"uv": [0, 0, 13.3, 0], "texture": "#missing"},
				"up": {"uv": [0.5, 13, 4, 14], "texture": "#1"},
				"down": {"uv": [0.5, 14, 4, 13], "texture": "#1"}
			}
		},
		{
			"from": [3.99013, -2.65, 7.99013],
			"to": [11.99013, 10.65, 7.99013],
			"rotation": {"angle": 45, "axis": "x", "origin": [7.99013, 4, 7.99013]},
			"faces": {
				"north": {"uv": [0.5, 14, 4, 13], "rotation": 180, "texture": "#1"},
				"east": {"uv": [0, 0, 13.3, 0], "rotation": 90, "texture": "#missing"},
				"south": {"uv": [0.5, 13, 4, 14], "texture": "#1"},
				"west": {"uv": [0, 0, 13.3, 0], "rotation": 90, "texture": "#missing"},
				"up": {"uv": [0, 0, 0, 8], "rotation": 90, "texture": "#missing"},
				"down": {"uv": [0, 0, 0, 8], "rotation": 90, "texture": "#missing"}
			}
		}
	],
	"display": {
		"thirdperson_righthand": {
			"rotation": [75, 45, 0],
			"translation": [0, 2.25, 1],
			"scale": [0.375, 0.375, 0.375]
		},
		"thirdperson_lefthand": {
			"rotation": [75, 45, 0],
			"translation": [0, 2.25, 1],
			"scale": [0.375, 0.375, 0.375]
		},
		"firstperson_righthand": {
			"translation": [4.5, 2, 0],
			"scale": [0.7, 0.7, 0.7]
		},
		"firstperson_lefthand": {
			"translation": [4.5, 2, 0],
			"scale": [0.7, 0.7, 0.7]
		},
		"ground": {
			"translation": [0, 2, 0],
			"scale": [0.7, 0.7, 0.7]
		},
		"gui": {
			"rotation": [30, 225, 0],
			"translation": [0, 3.25, 0]
		},
		"head": {
			"translation": [0, -0.25, 0],
			"scale": [1.4, 1.4, 1.4]
		},
		"fixed": {
			"translation": [0, 6.5, 0.25],
			"scale": [1.7, 1.7, 1.7]
		}
	}
}