{
	"credit": "Made with Blockbench",
	"textures": {
		"0": "entity/wither/wither",
		"particle": "entity/wither/wither"
	},
	"elements": [
		{
			"from": [4, 0, 4],
			"to": [12, 8, 12],
			"faces": {
				"north": {"uv": [2, 10.75, 4, 12.75], "texture": "#0"},
				"east": {"uv": [0, 10.75, 2, 12.75], "texture": "#0"},
				"south": {"uv": [6, 10.75, 8, 12.75], "texture": "#0"},
				"west": {"uv": [4, 10.75, 6, 12.75], "texture": "#0"},
				"up": {"uv": [2, 10.75, 4, 8.75], "texture": "#0"},
				"down": {"uv": [4, 10.75, 6, 8.75], "texture": "#0"}
			}
		}
	],
	"display": {
		"thirdperson_righthand": {
			"rotation": [75, 45, 0],
			"translation": [0, 2.5, 0],
			"scale": [0.5, 0.5, 0.5]
		},
		"thirdperson_lefthand": {
			"rotation": [75, 45, 0],
			"translation": [0, 2.5, 0],
			"scale": [0.5, 0.5, 0.5]
		},
		"firstperson_righthand": {
			"rotation": [0, 361.5, 0],
			"translation": [3.5, 2.25, 0],
			"scale": [0.7, 0.7, 0.7]
		},
		"firstperson_lefthand": {
			"rotation": [0, 361.5, 0],
			"translation": [3.5, 2.25, 0],
			"scale": [0.7, 0.7, 0.7]
		},
		"ground": {
			"translation": [0, 3, 0],
			"scale": [0.6, 0.6, 0.6]
		},
		"gui": {
			"rotation": [30, 225, 0],
			"translation": [0, 3, 0]
		},
		"head": {
			"translation": [0, 8, 0],
			"scale": [1.9, 1.9, 1.9]
		},
		"fixed": {
			"translation": [0, 8, 0],
			"scale": [2, 2, 2]
		}
	}
}