{
	"credit": "Made with Blockbench",
	"texture_size": [64, 64],
	"textures": {
		"1": "item/firefighter",
		"2": "snowmobile/firefighter_snowmobile"
	},
	"elements": [
		{
			"from": [5.67533, -3.88757, 10.72081],
			"to": [10.32467, -1.895, 17.36272],
			"rotation": {"angle": -22.5, "axis": "x", "origin": [8, -0.09923, 4.55524]},
			"faces": {
				"north": {"uv": [0, 0, 0, 0], "texture": "#2"},
				"east": {"uv": [10, 3.75, 12.5, 4.5], "texture": "#2"},
				"south": {"uv": [10.75, 6, 12.5, 6.75], "texture": "#2"},
				"west": {"uv": [10, 4.5, 12.5, 5.25], "texture": "#2"},
				"up": {"uv": [3.5, 8, 1.75, 5.5], "texture": "#2"},
				"down": {"uv": [5.25, 6, 3.5, 8.5], "texture": "#2"}
			}
		},
		{
			"from": [7.00372, -2.55919, 13.37757],
			"to": [8.99629, -1.2308, 18.02691],
			"rotation": {"angle": -22.5, "axis": "x", "origin": [8, -0.09923, 4.55524]},
			"faces": {
				"north": {"uv": [12.25, 13, 13, 13.5], "texture": "#2"},
				"east": {"uv": [5.25, 12.25, 7, 12.75], "texture": "#2"},
				"south": {"uv": [13, 12.25, 13.75, 12.75], "texture": "#2"},
				"west": {"uv": [7, 12.25, 8.75, 12.75], "texture": "#2"},
				"up": {"uv": [1.75, 11.75, 1, 10], "texture": "#2"},
				"down": {"uv": [5.25, 10.75, 4.5, 12.5], "texture": "#2"}
			}
		},
		{
			"from": [6.00676, 3.09832, 14.03204],
			"to": [9.99324, 4.82521, 14.69623],
			"rotation": {"angle": 22.5, "axis": "x", "origin": [8, -0.09923, 4.55524]},
			"faces": {
				"north": {"uv": [0, 0, 1.5005, 0.75], "rotation": 180, "texture": "#2"},
				"east": {"uv": [9, 11.5, 9.25, 12.25], "texture": "#2"},
				"south": {"uv": [6.25, 11, 7.75, 11.75], "texture": "#2"},
				"west": {"uv": [1.5, 12.75, 1.75, 13.5], "texture": "#2"},
				"up": {"uv": [0, 0, 0, 0], "texture": "#2"},
				"down": {"uv": [0, 0, 1.5005, 0.25], "rotation": 180, "texture": "#2"}
			}
		},
		{
			"from": [7.20676, -0.10152, 15.49901],
			"to": [8.79324, 0.92537, 16.6952],
			"rotation": {"angle": 0, "axis": "x", "origin": [8, 0.26193, 15.8631]},
			"faces": {
				"east": {"uv": [0, 2, 6, 6], "texture": "#1"},
				"south": {"uv": [0, 2, 6, 6], "texture": "#1"},
				"west": {"uv": [0, 2, 6, 6], "texture": "#1"},
				"down": {"uv": [0, 2, 6, 6], "texture": "#1"}
			}
		},
		{
			"from": [4.67905, -1.378, -2.31142],
			"to": [11.32096, 0.61457, 12.30079],
			"rotation": {"angle": 0, "axis": "y", "origin": [8, -0.09923, 4.55524]},
			"faces": {
				"north": {"uv": [8.75, 9.25, 11.25, 10], "texture": "#2"},
				"east": {"uv": [5.25, 6, 10.75, 6.75], "texture": "#2"},
				"south": {"uv": [2.75, 10, 5.25, 10.75], "texture": "#2"},
				"west": {"uv": [6.75, 3, 12.25, 3.75], "texture": "#2"},
				"up": {"uv": [2.5, 5.5, 0, 0], "texture": "#2"},
				"down": {"uv": [5, 0, 2.5, 5.5], "texture": "#2"}
			}
		},
		{
			"from": [5.01114, 0.61457, 4.59617],
			"to": [6.33952, 0.81383, 9.9097],
			"rotation": {"angle": 0, "axis": "y", "origin": [8, -0.09923, 4.55524]},
			"faces": {
				"north": {"uv": [13.25, 1, 13.75, 1.25], "texture": "#2"},
				"east": {"uv": [10, 5.25, 12, 5.5], "texture": "#2"},
				"south": {"uv": [13.25, 1.25, 13.75, 1.5], "texture": "#2"},
				"west": {"uv": [12.5, 6.5, 14.5, 6.75], "texture": "#2"},
				"up": {"uv": [10.75, 13.25, 10.25, 11.25], "texture": "#2"},
				"down": {"uv": [0, 0, 0, 0], "texture": "#2"}
			}
		},
		{
			"from": [9.66048, 0.61457, 4.59617],
			"to": [10.98886, 0.81383, 9.9097],
			"rotation": {"angle": 0, "axis": "y", "origin": [8, -0.09923, 4.55524]},
			"faces": {
				"north": {"uv": [13.75, 1, 13.25, 1.25], "texture": "#2"},
				"east": {"uv": [14.5, 6.5, 12.5, 6.75], "texture": "#2"},
				"south": {"uv": [13.75, 1.25, 13.25, 1.5], "texture": "#2"},
				"west": {"uv": [12, 5.25, 10, 5.5], "texture": "#2"},
				"up": {"uv": [10.25, 13.25, 10.75, 11.25], "texture": "#2"},
				"down": {"uv": [0, 0, 0, 0], "texture": "#2"}
			}
		},
		{
			"from": [6.00743, -1.02587, 10.49861],
			"to": [9.99258, 0.30251, 15.14795],
			"rotation": {"angle": 0, "axis": "x", "origin": [8, -0.09923, 4.55524]},
			"faces": {
				"north": {"uv": [0, 0, 0, 0], "texture": "#2"},
				"east": {"uv": [12, 6.75, 13.75, 7.25], "texture": "#2"},
				"south": {"uv": [0, 0, 0, 0], "texture": "#2"},
				"west": {"uv": [12, 7.25, 13.75, 7.75], "texture": "#2"},
				"up": {"uv": [0, 0, 0, 0], "texture": "#2"},
				"down": {"uv": [10, 3.75, 8.5, 5.5], "texture": "#2"}
			}
		},
		{
			"from": [6.67162, 0.61457, 3.9984],
			"to": [9.32839, 1.94296, 11.3045],
			"rotation": {"angle": 0, "axis": "y", "origin": [8, -0.09923, 4.55524]},
			"faces": {
				"north": {"uv": [13, 3.5, 14, 4], "texture": "#2"},
				"east": {"uv": [10.5, 7.75, 13.25, 8.25], "texture": "#2"},
				"south": {"uv": [0, 0, 0, 0], "texture": "#2"},
				"west": {"uv": [10.5, 8.25, 13.25, 8.75], "texture": "#2"},
				"up": {"uv": [0, 0, 0, 0], "texture": "#2"},
				"down": {"uv": [0, 0, 0, 0], "texture": "#2"}
			}
		},
		{
			"from": [6.33952, 1.94296, 3.6663],
			"to": [9.66048, 2.60715, 12.30079],
			"rotation": {"angle": 0, "axis": "y", "origin": [8, -0.09923, 4.55524]},
			"faces": {
				"north": {"uv": [13.25, 0, 14.5, 0.25], "texture": "#2"},
				"east": {"uv": [11.25, 9.75, 14.5, 10], "texture": "#2"},
				"south": {"uv": [13.25, 0.25, 14.5, 0.5], "texture": "#2"},
				"west": {"uv": [12, 5.75, 15.25, 6], "texture": "#2"},
				"up": {"uv": [6.5, 10, 5.25, 6.75], "texture": "#2"},
				"down": {"uv": [7.75, 6.75, 6.5, 10], "texture": "#2"}
			}
		},
		{
			"from": [6.67096, 2.7055, 9.91545],
			"to": [9.32905, 4.63165, 10.57964],
			"rotation": {"angle": 22.5, "axis": "x", "origin": [8, -0.09923, 4.55524]},
			"faces": {
				"north": {"uv": [0, 0, 0, 0], "texture": "#2"},
				"east": {"uv": [8.5, 2, 8.75, 2.75], "texture": "#2"},
				"south": {"uv": [12, 12.25, 13, 13], "texture": "#2"},
				"west": {"uv": [4.25, 11.5, 4.5, 12.25], "texture": "#2"},
				"up": {"uv": [0, 0, 0, 0], "texture": "#2"},
				"down": {"uv": [0, 0, 0, 0], "texture": "#2"}
			}
		},
		{
			"from": [5.34324, -2.70638, -0.31885],
			"to": [10.65677, -1.378, 7.65145],
			"rotation": {"angle": 0, "axis": "y", "origin": [8, -0.09923, 4.55524]},
			"faces": {
				"north": {"uv": [11.75, 2.5, 13.75, 3], "texture": "#2"},
				"east": {"uv": [10.25, 1, 13.25, 1.5], "texture": "#2"},
				"south": {"uv": [5.25, 11.75, 7.25, 12.25], "texture": "#2"},
				"west": {"uv": [10.25, 1.5, 13.25, 2], "texture": "#2"},
				"up": {"uv": [0, 0, 0, 0], "texture": "#2"},
				"down": {"uv": [7, 0, 5, 3], "texture": "#2"}
			}
		},
		{
			"from": [6.00743, -2.04219, -2.97561],
			"to": [9.99258, -1.378, -0.31885],
			"rotation": {"angle": 0, "axis": "y", "origin": [8, -0.09923, 4.55524]},
			"faces": {
				"north": {"uv": [13, 12.75, 14.5, 13], "texture": "#2"},
				"east": {"uv": [7.75, 10.25, 8.75, 10.5], "texture": "#2"},
				"south": {"uv": [0, 0, 0, 0], "texture": "#2"},
				"west": {"uv": [5.25, 11.5, 6.25, 11.75], "texture": "#2"},
				"up": {"uv": [0, 0, 0, 0], "texture": "#2"},
				"down": {"uv": [9.25, 10.5, 7.75, 11.5], "texture": "#2"}
			}
		},
		{
			"from": [6.00743, -3.86163, -2.45128],
			"to": [9.99258, 0.12352, 0.20549],
			"rotation": {"angle": 45, "axis": "x", "origin": [8, -0.09923, 4.55524]},
			"faces": {
				"north": {"uv": [8.75, 0, 10.25, 1.5], "texture": "#2"},
				"east": {"uv": [0, 10, 1, 11.5], "texture": "#2"},
				"south": {"uv": [8.75, 1.5, 10.25, 3], "texture": "#2"},
				"west": {"uv": [5.25, 10, 6.25, 11.5], "texture": "#2"},
				"up": {"uv": [8.5, 3, 7, 2], "texture": "#2"},
				"down": {"uv": [7.75, 10, 6.25, 11], "texture": "#2"}
			}
		},
		{
			"from": [7.00372, -3.02544, -4.25284],
			"to": [8.99629, -0.36868, -1.59607],
			"rotation": {"angle": 22.5, "axis": "x", "origin": [8, -0.09923, 4.55524]},
			"faces": {
				"north": {"uv": [4.5, 8.5, 5.25, 9.5], "texture": "#2"},
				"east": {"uv": [9.25, 11.25, 10.25, 12.25], "texture": "#2"},
				"south": {"uv": [0, 0, 0, 0], "texture": "#2"},
				"west": {"uv": [0, 11.5, 1, 12.5], "texture": "#2"},
				"up": {"uv": [1.75, 12.75, 1, 11.75], "texture": "#2"},
				"down": {"uv": [0, 0, 0, 0], "texture": "#2"}
			}
		},
		{
			"from": [6.33952, 1.16338, -3.87491],
			"to": [9.66048, 1.82757, -1.55024],
			"rotation": {"angle": 22.5, "axis": "x", "origin": [8, -0.09923, 4.55524]},
			"faces": {
				"north": {"uv": [13, 13, 14.25, 13.25], "texture": "#2"},
				"east": {"uv": [13.25, 0.5, 14, 0.75], "texture": "#2"},
				"south": {"uv": [0, 0, 0, 0], "texture": "#2"},
				"west": {"uv": [13.25, 0.75, 14, 1], "texture": "#2"},
				"up": {"uv": [9, 12.25, 7.75, 11.5], "texture": "#2"},
				"down": {"uv": [12, 11.75, 10.75, 12.5], "texture": "#2"}
			}
		},
		{
			"from": [6.67162, -0.4971, -3.54282],
			"to": [9.32839, 1.49548, -2.21444],
			"rotation": {"angle": 22.5, "axis": "x", "origin": [8, -0.09923, 4.55524]},
			"faces": {
				"north": {"uv": [8.75, 12.25, 9.75, 13], "texture": "#2"},
				"east": {"uv": [1, 12.75, 1.5, 13.5], "texture": "#2"},
				"south": {"uv": [0, 0, 0, 0], "texture": "#2"},
				"west": {"uv": [8.25, 12.75, 8.75, 13.5], "texture": "#2"},
				"up": {"uv": [0, 0, 0, 0], "texture": "#2"},
				"down": {"uv": [13.5, 6, 12.5, 6.5], "texture": "#2"}
			}
		},
		{
			"from": [7.80075, 0.12352, -0.99006],
			"to": [8.19926, 0.78771, -0.59154],
			"rotation": {"angle": 45, "axis": "x", "origin": [8, -0.09923, 4.55524]},
			"faces": {
				"north": {"uv": [8.5, 2.75, 8.75, 3], "texture": "#2"},
				"east": {"uv": [12.25, 3.5, 12.5, 3.75], "texture": "#2"},
				"south": {"uv": [4.25, 12.25, 4.5, 12.5], "texture": "#2"},
				"west": {"uv": [9.5, 13, 9.75, 13.25], "texture": "#2"},
				"up": {"uv": [0, 0, 0, 0], "texture": "#2"},
				"down": {"uv": [0, 0, 0, 0], "texture": "#2"}
			}
		},
		{
			"from": [6.00743, 0.78771, -1.18931],
			"to": [9.99258, 1.58474, -0.39228],
			"rotation": {"angle": 45, "axis": "x", "origin": [8, -0.09923, 4.55524]},
			"faces": {
				"north": {"uv": [12.5, 11.5, 14, 11.75], "texture": "#2"},
				"east": {"uv": [0, 0, 0, 0], "texture": "#2"},
				"south": {"uv": [13, 4, 14.5, 4.25], "texture": "#2"},
				"west": {"uv": [0, 0, 0, 0], "texture": "#2"},
				"up": {"uv": [14.5, 4.5, 13, 4.25], "texture": "#2"},
				"down": {"uv": [14.5, 4.5, 13, 4.75], "texture": "#2"}
			}
		},
		{
			"from": [4.01485, 0.65487, -1.32215],
			"to": [6.00743, 1.71758, -0.25945],
			"rotation": {"angle": 45, "axis": "x", "origin": [8, -0.09923, 4.55524]},
			"faces": {
				"north": {"uv": [2.75, 8, 3.5, 8.5], "texture": "#2"},
				"east": {"uv": [7.25, 11.75, 7.75, 12.25], "texture": "#2"},
				"south": {"uv": [4.5, 9.5, 5.25, 10], "texture": "#2"},
				"west": {"uv": [0, 13.25, 0.5, 13.75], "texture": "#2"},
				"up": {"uv": [9.5, 13.5, 8.75, 13], "texture": "#2"},
				"down": {"uv": [13.75, 8.75, 13, 9.25], "texture": "#2"}
			}
		},
		{
			"from": [9.99258, 0.65487, -1.32215],
			"to": [11.98515, 1.71758, -0.25945],
			"rotation": {"angle": 45, "axis": "x", "origin": [8, -0.09923, 4.55524]},
			"faces": {
				"north": {"uv": [3.5, 8, 2.75, 8.5], "texture": "#2"},
				"east": {"uv": [0.5, 13.25, 0, 13.75], "texture": "#2"},
				"south": {"uv": [5.25, 9.5, 4.5, 10], "texture": "#2"},
				"west": {"uv": [7.75, 11.75, 7.25, 12.25], "texture": "#2"},
				"up": {"uv": [8.75, 13.5, 9.5, 13], "texture": "#2"},
				"down": {"uv": [13, 8.75, 13.75, 9.25], "texture": "#2"}
			}
		},
		{
			"from": [5.34324, -2.53325, -1.05648],
			"to": [6.67162, -0.54067, 3.59286],
			"rotation": {"angle": 45, "axis": "x", "origin": [8, -0.09923, 4.55524]},
			"faces": {
				"north": {"uv": [11.75, 13, 12.25, 13.75], "texture": "#2"},
				"east": {"uv": [9.25, 10.5, 11, 11.25], "texture": "#2"},
				"south": {"uv": [0, 0, 0, 0], "texture": "#2"},
				"west": {"uv": [2.75, 10.75, 4.5, 11.5], "texture": "#2"},
				"up": {"uv": [4.25, 13.25, 3.75, 11.5], "texture": "#2"},
				"down": {"uv": [0, 0, 0, 0], "texture": "#2"}
			}
		},
		{
			"from": [9.32839, -2.53325, -1.05648],
			"to": [10.65677, -0.54067, 3.59286],
			"rotation": {"angle": 45, "axis": "x", "origin": [8, -0.09923, 4.55524]},
			"faces": {
				"north": {"uv": [12.25, 13, 11.75, 13.75], "texture": "#2"},
				"east": {"uv": [4.5, 10.75, 2.75, 11.5], "texture": "#2"},
				"south": {"uv": [0, 0, 0, 0], "texture": "#2"},
				"west": {"uv": [11, 10.5, 9.25, 11.25], "texture": "#2"},
				"up": {"uv": [3.75, 13.25, 4.25, 11.5], "texture": "#2"},
				"down": {"uv": [0, 0, 0, 0], "texture": "#2"}
			}
		},
		{
			"from": [5.34324, -4.52582, -1.05648],
			"to": [10.65677, -2.53325, 1.60029],
			"rotation": {"angle": 45, "axis": "x", "origin": [8, -0.09923, 4.55524]},
			"faces": {
				"north": {"uv": [0, 13.75, 2, 14.5], "texture": "#2"},
				"east": {"uv": [3, 13.75, 2, 14.5], "texture": "#2"},
				"south": {"uv": [0, 0, 0, 0], "texture": "#2"},
				"west": {"uv": [2, 13.75, 3, 14.5], "texture": "#2"},
				"up": {"uv": [4, 15.5, 2, 14.5], "texture": "#2"},
				"down": {"uv": [2, 14.5, 0, 15.5], "texture": "#2"}
			}
		},
		{
			"from": [12.0553, -1.37734, -3.23528],
			"to": [13.38369, -0.04895, 0.08567],
			"rotation": {"angle": 22.5, "axis": "y", "origin": [8, -0.09923, 4.55524]},
			"faces": {
				"north": {"uv": [0, 0, 0, 0], "texture": "#2"},
				"east": {"uv": [13.75, 4.75, 12.5, 5.25], "texture": "#2"},
				"south": {"uv": [0, 0, 0, 0], "texture": "#2"},
				"west": {"uv": [0, 0, 0, 0], "texture": "#2"},
				"up": {"uv": [10.75, 13.75, 11.25, 12.5], "texture": "#2"},
				"down": {"uv": [11.25, 12.5, 11.75, 13.75], "texture": "#2"}
			}
		},
		{
			"from": [2.61632, -1.37734, -3.23528],
			"to": [3.9447, -0.04895, 0.08567],
			"rotation": {"angle": -22.5, "axis": "y", "origin": [8, -0.09923, 4.55524]},
			"faces": {
				"north": {"uv": [0, 0, 0, 0], "texture": "#2"},
				"east": {"uv": [0, 0, 0, 0], "texture": "#2"},
				"south": {"uv": [0, 0, 0, 0], "texture": "#2"},
				"west": {"uv": [12.5, 4.75, 13.75, 5.25], "texture": "#2"},
				"up": {"uv": [11.25, 13.75, 10.75, 12.5], "texture": "#2"},
				"down": {"uv": [11.75, 12.5, 11.25, 13.75], "texture": "#2"}
			}
		},
		{
			"from": [6.00743, -1.378, -4.96819],
			"to": [9.99258, 0.61457, -2.31142],
			"rotation": {"angle": 0, "axis": "x", "origin": [8, -0.09923, 4.55524]},
			"faces": {
				"north": {"uv": [11, 11, 12.5, 11.75], "texture": "#2"},
				"east": {"uv": [0, 12.5, 1, 13.25], "texture": "#2"},
				"south": {"uv": [0, 0, 0, 0], "texture": "#2"},
				"west": {"uv": [1.75, 12.5, 2.75, 13.25], "texture": "#2"},
				"up": {"uv": [11.75, 3, 10.25, 2], "texture": "#2"},
				"down": {"uv": [12, 6.75, 10.5, 7.75], "texture": "#2"}
			}
		},
		{
			"from": [4.6995, -5.42044, 1.00954],
			"to": [6.02788, -2.09948, 2.33792],
			"rotation": {"angle": -22.5, "axis": "z", "origin": [8, -0.09923, 4.55524]},
			"faces": {
				"north": {"uv": [9.75, 12.25, 10.25, 13.5], "texture": "#2"},
				"east": {"uv": [2.75, 12.5, 3.25, 13.75], "texture": "#2"},
				"south": {"uv": [3.25, 12.5, 3.75, 13.75], "texture": "#2"},
				"west": {"uv": [12.5, 3.5, 13, 4.75], "texture": "#2"},
				"up": {"uv": [1, 13.75, 0.5, 13.25], "texture": "#2"},
				"down": {"uv": [0, 0, 0, 0], "texture": "#2"}
			}
		},
		{
			"from": [2.68647, -4.69896, -3.6398],
			"to": [5.34324, -3.70267, 5.65888],
			"rotation": {"angle": 0, "axis": "y", "origin": [8, -0.09923, 4.55524]},
			"faces": {
				"north": {"uv": [0, 0, 0, 0], "texture": "#2"},
				"east": {"uv": [8.5, 5.5, 12, 6], "texture": "#2"},
				"south": {"uv": [12.5, 11, 13.5, 11.5], "texture": "#2"},
				"west": {"uv": [8.75, 10, 12.25, 10.5], "texture": "#2"},
				"up": {"uv": [8.75, 10.25, 7.75, 6.75], "texture": "#2"},
				"down": {"uv": [2.75, 8, 1.75, 11.5], "texture": "#2"}
			}
		},
		{
			"from": [2.68647, -3.90555, -5.55525],
			"to": [5.34324, -2.90927, -2.89849],
			"rotation": {"angle": 45, "axis": "x", "origin": [4.01485, -3.40741, -4.22687]},
			"faces": {
				"north": {"uv": [5.25, 12.75, 6.25, 13.25], "texture": "#2"},
				"east": {"uv": [6.25, 12.75, 7.25, 13.25], "texture": "#2"},
				"south": {"uv": [0, 0, 0, 0], "texture": "#2"},
				"west": {"uv": [7.25, 12.75, 8.25, 13.25], "texture": "#2"},
				"up": {"uv": [2.75, 12.5, 1.75, 11.5], "texture": "#2"},
				"down": {"uv": [3.75, 11.5, 2.75, 12.5], "texture": "#2"}
			}
		},
		{
			"from": [9.97212, -5.42044, 1.00954],
			"to": [11.3005, -2.09948, 2.33792],
			"rotation": {"angle": 22.5, "axis": "z", "origin": [8, -0.09923, 4.55524]},
			"faces": {
				"north": {"uv": [10.25, 12.25, 9.75, 13.5], "texture": "#2"},
				"east": {"uv": [13, 3.5, 12.5, 4.75], "texture": "#2"},
				"south": {"uv": [3.75, 12.5, 3.25, 13.75], "texture": "#2"},
				"west": {"uv": [3.25, 12.5, 2.75, 13.75], "texture": "#2"},
				"up": {"uv": [0.5, 13.75, 1, 13.25], "texture": "#2"},
				"down": {"uv": [0, 0, 0, 0], "texture": "#2"}
			}
		},
		{
			"from": [10.65677, -4.69896, -3.6398],
			"to": [13.31353, -3.70267, 5.65888],
			"rotation": {"angle": 0, "axis": "y", "origin": [8, -0.09923, 4.55524]},
			"faces": {
				"north": {"uv": [0, 0, 0, 0], "texture": "#2"},
				"east": {"uv": [12.25, 10, 8.75, 10.5], "texture": "#2"},
				"south": {"uv": [13.5, 11, 12.5, 11.5], "texture": "#2"},
				"west": {"uv": [12, 5.5, 8.5, 6], "texture": "#2"},
				"up": {"uv": [7.75, 10.25, 8.75, 6.75], "texture": "#2"},
				"down": {"uv": [1.75, 8, 2.75, 11.5], "texture": "#2"}
			}
		},
		{
			"from": [10.65677, -3.90555, -5.55525],
			"to": [13.31353, -2.90927, -2.89849],
			"rotation": {"angle": 45, "axis": "x", "origin": [11.98515, -3.40741, -4.22687]},
			"faces": {
				"north": {"uv": [6.25, 12.75, 5.25, 13.25], "texture": "#2"},
				"east": {"uv": [8.25, 12.75, 7.25, 13.25], "texture": "#2"},
				"south": {"uv": [0, 0, 0, 0], "texture": "#2"},
				"west": {"uv": [7.25, 12.75, 6.25, 13.25], "texture": "#2"},
				"up": {"uv": [1.75, 12.5, 2.75, 11.5], "texture": "#2"},
				"down": {"uv": [2.75, 11.5, 3.75, 12.5], "texture": "#2"}
			}
		},
		{
			"from": [6.00743, -3.5964, 9.17909],
			"to": [9.99258, -2.46727, 15.82897],
			"rotation": {"angle": 0, "axis": "y", "origin": [8, -0.09923, 4.55524]},
			"faces": {
				"north": {"uv": [0, 0, 0, 0], "texture": "#2"},
				"east": {"uv": [13.5, 10.5, 11, 11], "texture": "#2"},
				"south": {"uv": [0, 0, 0, 0], "texture": "#2"},
				"west": {"uv": [11, 10.5, 13.5, 11], "texture": "#2"},
				"up": {"uv": [0, 0, 0, 0], "texture": "#2"},
				"down": {"uv": [0, 0, 0, 0], "texture": "#2"}
			}
		},
		{
			"from": [5.67533, -2.46727, 9.24551],
			"to": [10.32467, -1.33815, 13.17221],
			"rotation": {"angle": 0, "axis": "y", "origin": [8, -0.09923, 4.55524]},
			"faces": {
				"north": {"uv": [0, 0, 0, 0], "texture": "#2"},
				"east": {"uv": [13.75, 10, 12.25, 10.5], "texture": "#2"},
				"south": {"uv": [0, 0, 0, 0], "texture": "#2"},
				"west": {"uv": [12.25, 10, 13.75, 10.5], "texture": "#2"},
				"up": {"uv": [1.75, 10, 0, 8.5], "texture": "#2"},
				"down": {"uv": [4.5, 8.5, 2.75, 10], "texture": "#2"}
			}
		},
		{
			"from": [5.67533, -4.69896, 9.24551],
			"to": [10.32467, -3.56983, 17.41506],
			"rotation": {"angle": 0, "axis": "y", "origin": [8, -0.09923, 4.55524]},
			"faces": {
				"north": {"uv": [0, 0, 0, 0], "texture": "#2"},
				"east": {"uv": [13.25, 0.5, 10.25, 1], "texture": "#2"},
				"south": {"uv": [0, 0, 0, 0], "texture": "#2"},
				"west": {"uv": [10.25, 0.5, 13.25, 1], "texture": "#2"},
				"up": {"uv": [6.75, 6, 5, 3], "texture": "#2"},
				"down": {"uv": [1.75, 5.5, 0, 8.5], "texture": "#2"}
			}
		},
		{
			"from": [5.67533, -4.69896, 17.41506],
			"to": [10.32467, -3.37057, 18.07925],
			"rotation": {"angle": 0, "axis": "y", "origin": [8, -0.09923, 4.55524]},
			"faces": {
				"north": {"uv": [0, 0, 0, 0], "texture": "#2"},
				"east": {"uv": [11.75, 12.5, 12, 13], "texture": "#2"},
				"south": {"uv": [12.25, 3, 14, 3.5], "texture": "#2"},
				"west": {"uv": [11.75, 12.5, 12, 13], "texture": "#2"},
				"up": {"uv": [0, 0, 0, 0], "texture": "#2"},
				"down": {"uv": [8.5, 5.75, 6.75, 6], "texture": "#2"}
			}
		},
		{
			"from": [5.676, -3.441, 12.75393],
			"to": [10.32401, -2.31188, 18.06746],
			"rotation": {"angle": 22.5, "axis": "x", "origin": [8, -2.87644, 15.41069]},
			"faces": {
				"north": {"uv": [0, 0, 0, 0], "texture": "#2"},
				"east": {"uv": [13.75, 2, 11.75, 2.5], "texture": "#2"},
				"south": {"uv": [0, 0, 0, 0], "texture": "#2"},
				"west": {"uv": [11.75, 2, 13.75, 2.5], "texture": "#2"},
				"up": {"uv": [8.5, 5.75, 6.75, 3.75], "texture": "#2"},
				"down": {"uv": [8.75, 0, 7, 2], "texture": "#2"}
			}
		},
		{
			"from": [5.67533, -4.69896, 8.11638],
			"to": [10.32467, -1.378, 9.24551],
			"rotation": {"angle": 0, "axis": "y", "origin": [8, -0.09923, 4.55524]},
			"faces": {
				"north": {"uv": [8.75, 6.75, 10.5, 8], "texture": "#2"},
				"east": {"uv": [5.25, 12.5, 4.75, 13.75], "texture": "#2"},
				"south": {"uv": [8.75, 8, 10.5, 9.25], "texture": "#2"},
				"west": {"uv": [4.75, 12.5, 5.25, 13.75], "texture": "#2"},
				"up": {"uv": [0, 0, 0, 0], "texture": "#2"},
				"down": {"uv": [13.75, 5.25, 12, 5.75], "texture": "#2"}
			}
		},
		{
			"from": [4.2735, 2.481, -1.809],
			"to": [5.1515, 3.759, -0.531],
			"rotation": {"angle": 45, "axis": "x", "origin": [5.145, 1.92, -0.77]},
			"faces": {
				"north": {"uv": [0, 2, 6, 6], "rotation": 90, "texture": "#1"},
				"south": {"uv": [0, 2, 6, 6], "rotation": 270, "texture": "#1"},
				"west": {"uv": [0, 0, 6, 6], "rotation": 180, "texture": "#1"},
				"up": {"uv": [0, 2, 6, 6], "rotation": 270, "texture": "#1"},
				"down": {"uv": [0, 2, 6, 6], "rotation": 270, "texture": "#1"}
			}
		},
		{
			"from": [5.1515, 2.268, -2.022],
			"to": [6.0035, 3.972, -0.318],
			"rotation": {"angle": 45, "axis": "x", "origin": [5.145, 1.92, -0.77]},
			"faces": {
				"north": {"uv": [0, 6, 8, 10], "rotation": 90, "texture": "#1"},
				"south": {"uv": [0, 6, 8, 10], "rotation": 270, "texture": "#1"},
				"west": {"uv": [8, 0, 16, 8], "rotation": 90, "texture": "#1"},
				"up": {"uv": [0, 6, 8, 10], "rotation": 270, "texture": "#1"},
				"down": {"uv": [0, 6, 8, 10], "rotation": 270, "texture": "#1"}
			}
		},
		{
			"from": [10.8485, 2.481, -1.809],
			"to": [11.7265, 3.759, -0.531],
			"rotation": {"angle": 45, "axis": "x", "origin": [10.855, 1.92, -0.77]},
			"faces": {
				"north": {"uv": [0, 6, 6, 2], "rotation": 90, "texture": "#1"},
				"east": {"uv": [6, 0, 0, 6], "rotation": 180, "texture": "#1"},
				"south": {"uv": [0, 6, 6, 2], "rotation": 270, "texture": "#1"},
				"up": {"uv": [0, 6, 6, 2], "rotation": 270, "texture": "#1"},
				"down": {"uv": [0, 6, 6, 2], "rotation": 270, "texture": "#1"}
			}
		},
		{
			"from": [9.9965, 2.268, -2.022],
			"to": [10.8485, 3.972, -0.318],
			"rotation": {"angle": 45, "axis": "x", "origin": [10.855, 1.92, -0.77]},
			"faces": {
				"north": {"uv": [0, 10, 8, 6], "rotation": 90, "texture": "#1"},
				"east": {"uv": [8, 8, 16, 0], "rotation": 90, "texture": "#1"},
				"south": {"uv": [0, 10, 8, 6], "rotation": 270, "texture": "#1"},
				"up": {"uv": [0, 10, 8, 6], "rotation": 270, "texture": "#1"},
				"down": {"uv": [0, 10, 8, 6], "rotation": 270, "texture": "#1"}
			}
		}
	],
	"display": {
		"thirdperson_righthand": {
			"rotation": [0, 0, 3]
		},
		"firstperson_righthand": {
			"translation": [21, 0, 0]
		},
		"firstperson_lefthand": {
			"translation": [21, 0, 0]
		},
		"ground": {
			"translation": [0, 3, 0],
			"scale": [0.8, 0.8, 0.8]
		},
		"gui": {
			"rotation": [15.5, 152, 0],
			"translation": [1.75, 7.25, 0],
			"scale": [0.9, 0.9, 0.9]
		},
		"head": {
			"translation": [0, -21, 4],
			"scale": [3.2, 3.2, 3.2]
		},
		"fixed": {
			"rotation": [0, 90, 0],
			"translation": [0, 8.25, -4.75],
			"scale": [2, 2, 2]
		}
	},
	"groups": [
		{
			"name": "body",
			"origin": [0, 5, 0],
			"color": 0,
			"children": [0, 1, 2, 3, 4, 5, 6, 7, 8, 9, 10, 11, 12]
		},
		{
			"name": "head",
			"origin": [8, 5.5, -6.5],
			"color": 0,
			"children": [13, 14, 15, 16, 17, 18, 19, 20, 21, 22, 23, 24, 25, 26]
		},
		{
			"name": "leg 1",
			"origin": [2, 4.41421, -13.41421],
			"color": 0,
			"children": [27, 28, 29]
		},
		{
			"name": "leg 2",
			"origin": [2, 4.41421, -13.41421],
			"color": 0,
			"children": [30, 31, 32]
		},
		{
			"name": "wheel",
			"origin": [0, 0, 1.7],
			"color": 0,
			"children": [33, 34, 35, 36, 37, 38]
		},
		{
			"name": "1",
			"origin": [5.145, 1.92, -0.77],
			"color": 0,
			"children": [39, 40]
		},
		{
			"name": "2",
			"origin": [5.145, 1.92, -0.77],
			"color": 0,
			"children": [41, 42]
		}
	]
}