{
    "providers": [
        {
            "type": "bitmap",
            "file": "minecraft:custom/snow_rush.png",
            "ascent": 20,
            "height": 50,
            "chars": [
                "\uF80A"
            ]
        },
		{
            "type": "bitmap",
            "file": "minecraft:custom/snow_rush2.png",
            "ascent": 20,
            "height": 50,
            "chars": [
                "\uF80B"
            ]
        },
		{
            "type": "bitmap",
            "file": "minecraft:custom/nono.png",
            "ascent": 20,
            "height": 30,
            "chars": [
                "\uEff3"
            ]
        },
		{
            "type": "bitmap",
            "file": "minecraft:custom/redcoal.png",
            "ascent": 20,
            "height": 30,
            "chars": [
                "\uEff1"
            ]
        },
		{
            "type": "bitmap",
            "file": "minecraft:custom/celian.png",
            "ascent": 20,
            "height": 30,
            "chars": [
                "\uEff2"
            ]
        }
    ]
}