{
    "providers": [
        {
            "type": "bitmap",
            "file": "minecraft:custom/ruby.png",
            "ascent": 10,
            "height": 12,
            "chars": [
                "1"
            ]
        },
        {
            "type": "bitmap",
            "file": "minecraft:custom/right_click.png",
            "ascent": 250,
            "height": 500,
            "chars": [
                "2"
            ]
        },
        {
            "type": "bitmap",
            "file": "minecraft:custom/sens_interdit.png",
            "ascent": 10,
            "height": 12,
            "chars": [
                "3"
            ]
        },
        {
            "type": "bitmap",
            "file": "minecraft:custom/team.png",
            "ascent": 13,
            "height": 15,
            "chars": [
                "4"
            ]
        },
        {
            "type": "bitmap",
            "file": "minecraft:custom/negative.png",
            "ascent": -32768,
            "height": -503,
            "chars": [
                "5"
            ]
        }
    ]
}