{
	"credit": "Made with Blockbench",
	"textures": {
		"2": "block/acacia_leaves",
		"5": "block/acacia_leaves_l",
		"particle": "block/acacia_leaves"
	},
	"elements": [
		{
			"from": [0, 0, 0],
			"to": [16, 16, 16],
			"faces": {
				"north": {"uv": [0, 0, 16, 16], "texture": "#2"},
				"east": {"uv": [0, 0, 16, 16], "texture": "#2"},
				"south": {"uv": [0, 0, 16, 16], "texture": "#2"},
				"west": {"uv": [0, 0, 16, 16], "texture": "#2"},
				"up": {"uv": [0, 0, 16, 16], "texture": "#2"},
				"down": {"uv": [0, 0, 16, 16], "texture": "#2"}
			}
		},
		{
			"from": [0, -8, -4],
			"to": [0, 24, 28],
			"rotation": {"angle": 45, "axis": "y", "origin": [0, 0, 0]},
			"faces": {
				"north": {"uv": [0, 0, 0, 16], "texture": "#5"},
				"east": {"uv": [16, 0, 0, 16], "texture": "#5"},
				"south": {"uv": [0, 0, 0, 16], "texture": "#5"},
				"west": {"uv": [0, 0, 16, 16], "texture": "#5"},
				"up": {"uv": [0, 0, 0, 16], "texture": "#5"},
				"down": {"uv": [0, 0, 0, 16], "texture": "#5"}
			}
		},
		{
			"from": [7.78528, -8, -7.51472],
			"to": [7.78528, 24, 24.48528],
			"rotation": {"angle": -45, "axis": "y", "origin": [8.48528, 8, 8.48528]},
			"faces": {
				"north": {"uv": [0, 0, 0, 16], "texture": "#5"},
				"east": {"uv": [16, 16, 0, 0], "texture": "#5"},
				"south": {"uv": [0, 0, 0, 16], "texture": "#5"},
				"west": {"uv": [0, 16, 16, 0], "texture": "#5"},
				"up": {"uv": [0, 0, 0, 16], "texture": "#5"},
				"down": {"uv": [0, 0, 0, 16], "texture": "#5"}
			}
		}
	],
	"display": {
		"thirdperson_righthand": {
			"rotation": [75, 45, 0],
			"translation": [0, 2.5, 0],
			"scale": [0.375, 0.375, 0.375]
		},
		"thirdperson_lefthand": {
			"rotation": [75, 45, 0],
			"translation": [0, 2.5, 0],
			"scale": [0.375, 0.375, 0.375]
		},
		"firstperson_righthand": {
			"rotation": [0, 45, 0],
			"scale": [0.4, 0.4, 0.4]
		},
		"firstperson_lefthand": {
			"rotation": [0, 225, 0],
			"scale": [0.4, 0.4, 0.4]
		},
		"ground": {
			"translation": [0, 3, 0],
			"scale": [0.25, 0.25, 0.25]
		},
		"gui": {
			"rotation": [30, 225, 0],
			"scale": [0.625, 0.625, 0.625]
		},
		"fixed": {
			"scale": [0.5, 0.5, 0.5]
		}
	}
}