{
	"credit": "Made with Blockbench",
	"textures": {
		"0": "item/straw_hat",
		"particle": "item/straw_hat"
	},
	"elements": [
		{
			"from": [-0.96, 5.72, -0.96],
			"to": [16.96, 5.72, 16.96],
			"rotation": {"angle": 0, "axis": "y", "origin": [8, 7.84, 8]},
			"faces": {
				"up": {"uv": [0, 8, 8, 16], "rotation": 270, "texture": "#0"},
				"down": {"uv": [0, 8, 8, 16], "rotation": 90, "texture": "#0"}
			}
		},
		{
			"from": [3.42, 5.72, 3.42],
			"to": [12.58, 10.2, 12.58],
			"rotation": {"angle": 0, "axis": "y", "origin": [8, 7.84, 8]},
			"faces": {
				"north": {"uv": [0, 4, 4, 6], "texture": "#0"},
				"east": {"uv": [12, 4, 16, 6], "texture": "#0"},
				"south": {"uv": [8, 4, 12, 6], "texture": "#0"},
				"west": {"uv": [4, 4, 8, 6], "texture": "#0"},
				"up": {"uv": [4, 0, 8, 4], "rotation": 270, "texture": "#0"}
			}
		}
	],
	"display": {
		"thirdperson_righthand": {
			"rotation": [75, 45, 0],
			"translation": [0, 2.5, 0],
			"scale": [0.375, 0.375, 0.375]
		},
		"thirdperson_lefthand": {
			"rotation": [75, 45, 0],
			"translation": [0, 2.5, 0],
			"scale": [0.375, 0.375, 0.375]
		},
		"firstperson_righthand": {
			"rotation": [0, 45, 0],
			"scale": [0.4, 0.4, 0.4]
		},
		"firstperson_lefthand": {
			"rotation": [0, 225, 0],
			"scale": [0.4, 0.4, 0.4]
		},
		"ground": {
			"translation": [0, -0.5, 0]
		},
		"gui": {
			"rotation": [30, 225, 0],
			"translation": [0, 3.5, 0]
		},
		"head": {
			"translation": [0, 4.4, 0],
			"scale": [1.6, 1.6, 1.6]
		},
		"fixed": {
			"scale": [1.5, 1.5, 1.5]
		}
	}
}