{
	"credit": "Made with Blockbench",
	"textures": {
		"0": "block/gold_block",
		"1": "block/emerald_block",
		"particle": "block/gold_block"
	},
	"elements": [
		{
			"from": [3, 6, 12],
			"to": [13, 8, 13],
			"rotation": {"angle": 0, "axis": "y", "origin": [8, 8, 8]},
			"faces": {
				"north": {"uv": [1, 14, 11, 16], "texture": "#0"},
				"east": {"uv": [1, 14, 2, 16], "texture": "#0"},
				"south": {"uv": [1, 14, 11, 16], "texture": "#0"},
				"west": {"uv": [10, 14, 11, 16], "texture": "#0"},
				"up": {"uv": [0, 0, 1, 10], "rotation": 270, "texture": "#0"},
				"down": {"uv": [1, 15, 11, 16], "rotation": 180, "texture": "#0"}
			}
		},
		{
			"from": [3, 6, 3],
			"to": [13, 8, 4],
			"rotation": {"angle": 0, "axis": "y", "origin": [8, 8, 8]},
			"faces": {
				"north": {"uv": [1, 14, 11, 16], "texture": "#0"},
				"east": {"uv": [10, 14, 11, 16], "texture": "#0"},
				"south": {"uv": [1, 14, 11, 16], "texture": "#0"},
				"west": {"uv": [1, 14, 2, 16], "texture": "#0"},
				"up": {"uv": [0, 0, 1, 10], "rotation": 270, "texture": "#0"},
				"down": {"uv": [1, 15, 11, 16], "rotation": 180, "texture": "#0"}
			}
		},
		{
			"from": [3, 6, 4],
			"to": [4, 8, 12],
			"rotation": {"angle": 0, "axis": "y", "origin": [8, 8, 8]},
			"faces": {
				"east": {"uv": [2, 14, 10, 16], "texture": "#0"},
				"west": {"uv": [2, 14, 10, 16], "texture": "#0"},
				"up": {"uv": [0, 0, 8, 1], "rotation": 270, "texture": "#0"},
				"down": {"uv": [2, 15, 10, 16], "rotation": 90, "texture": "#0"}
			}
		},
		{
			"from": [12, 6, 4],
			"to": [13, 8, 12],
			"rotation": {"angle": 0, "axis": "y", "origin": [8, 8, 8]},
			"faces": {
				"east": {"uv": [2, 14, 10, 16], "texture": "#0"},
				"west": {"uv": [2, 14, 10, 16], "texture": "#0"},
				"up": {"uv": [0, 0, 8, 1], "rotation": 270, "texture": "#0"},
				"down": {"uv": [2, 15, 10, 16], "rotation": 90, "texture": "#0"}
			}
		},
		{
			"from": [12, 8, 3],
			"to": [13, 9, 5],
			"rotation": {"angle": 0, "axis": "y", "origin": [8, 8, 8]},
			"faces": {
				"north": {"uv": [2, 1, 4, 2], "texture": "#0"},
				"east": {"uv": [2, 1, 4, 2], "texture": "#0"},
				"south": {"uv": [2, 1, 4, 2], "texture": "#0"},
				"west": {"uv": [2, 1, 4, 2], "texture": "#0"},
				"up": {"uv": [2, 1, 4, 2], "rotation": 270, "texture": "#0"}
			}
		},
		{
			"from": [3, 8, 3],
			"to": [4, 9, 5],
			"rotation": {"angle": 0, "axis": "y", "origin": [8, 8, 8]},
			"faces": {
				"north": {"uv": [1, 1, 2, 2], "rotation": 180, "texture": "#0"},
				"east": {"uv": [1, 1, 3, 2], "rotation": 180, "texture": "#0"},
				"south": {"uv": [2, 1, 3, 2], "rotation": 180, "texture": "#0"},
				"west": {"uv": [3, 1, 1, 2], "rotation": 180, "texture": "#0"},
				"up": {"uv": [1, 1, 3, 2], "rotation": 90, "texture": "#0"}
			}
		},
		{
			"from": [4, 8, 3],
			"to": [5, 9, 4],
			"rotation": {"angle": 0, "axis": "y", "origin": [8, 8, 8]},
			"faces": {
				"north": {"uv": [2, 1, 3, 2], "rotation": 180, "texture": "#0"},
				"east": {"uv": [2, 1, 3, 2], "rotation": 180, "texture": "#0"},
				"south": {"uv": [2, 1, 3, 2], "rotation": 180, "texture": "#0"},
				"up": {"uv": [2, 1, 3, 2], "rotation": 90, "texture": "#0"}
			}
		},
		{
			"from": [11, 8, 12],
			"to": [12, 9, 13],
			"rotation": {"angle": 0, "axis": "y", "origin": [8, 8, 8]},
			"faces": {
				"north": {"uv": [2, 1, 3, 2], "rotation": 180, "texture": "#0"},
				"south": {"uv": [2, 1, 3, 2], "rotation": 180, "texture": "#0"},
				"west": {"uv": [2, 1, 3, 2], "rotation": 180, "texture": "#0"},
				"up": {"uv": [3, 2, 2, 1], "rotation": 90, "texture": "#0"}
			}
		},
		{
			"from": [12, 8, 11],
			"to": [13, 9, 13],
			"rotation": {"angle": 0, "axis": "y", "origin": [8, 8, 8]},
			"faces": {
				"north": {"uv": [2, 1, 3, 2], "rotation": 180, "texture": "#0"},
				"east": {"uv": [3, 1, 1, 2], "rotation": 180, "texture": "#0"},
				"south": {"uv": [1, 1, 2, 2], "rotation": 180, "texture": "#0"},
				"west": {"uv": [1, 1, 3, 2], "rotation": 180, "texture": "#0"},
				"up": {"uv": [3, 2, 1, 1], "rotation": 90, "texture": "#0"}
			}
		},
		{
			"from": [11, 8, 3],
			"to": [12, 9, 4],
			"rotation": {"angle": 0, "axis": "y", "origin": [8, 8, 8]},
			"faces": {
				"north": {"uv": [1, 1, 2, 2], "texture": "#0"},
				"south": {"uv": [1, 1, 2, 2], "texture": "#0"},
				"west": {"uv": [1, 1, 2, 2], "texture": "#0"},
				"up": {"uv": [1, 1, 2, 2], "rotation": 270, "texture": "#0"}
			}
		},
		{
			"from": [4, 8, 12],
			"to": [5, 9, 13],
			"rotation": {"angle": 0, "axis": "y", "origin": [8, 8, 8]},
			"faces": {
				"north": {"uv": [1, 1, 2, 2], "texture": "#0"},
				"east": {"uv": [1, 1, 2, 2], "texture": "#0"},
				"south": {"uv": [1, 1, 2, 2], "texture": "#0"},
				"up": {"uv": [2, 2, 1, 1], "rotation": 270, "texture": "#0"}
			}
		},
		{
			"from": [3, 8, 11],
			"to": [4, 9, 13],
			"rotation": {"angle": 0, "axis": "y", "origin": [8, 8, 8]},
			"faces": {
				"north": {"uv": [2, 1, 4, 2], "texture": "#0"},
				"east": {"uv": [2, 1, 4, 2], "texture": "#0"},
				"south": {"uv": [2, 1, 4, 2], "texture": "#0"},
				"west": {"uv": [2, 1, 4, 2], "texture": "#0"},
				"up": {"uv": [4, 2, 2, 1], "rotation": 270, "texture": "#0"}
			}
		},
		{
			"from": [3, 8, 6],
			"to": [4, 9, 10],
			"rotation": {"angle": 0, "axis": "y", "origin": [8, 8, 8]},
			"faces": {
				"north": {"uv": [5, 1, 6, 2], "texture": "#0"},
				"east": {"uv": [9, 1, 5, 2], "texture": "#0"},
				"south": {"uv": [8, 1, 9, 2], "texture": "#0"},
				"west": {"uv": [5, 1, 9, 2], "texture": "#0"},
				"up": {"uv": [9, 1, 5, 2], "rotation": 270, "texture": "#0"}
			}
		},
		{
			"from": [6, 8, 3],
			"to": [10, 9, 4],
			"rotation": {"angle": 0, "axis": "y", "origin": [8, 8, 8]},
			"faces": {
				"north": {"uv": [5, 1, 9, 2], "texture": "#0"},
				"east": {"uv": [5, 1, 6, 2], "texture": "#0"},
				"south": {"uv": [9, 1, 5, 2], "texture": "#0"},
				"west": {"uv": [8, 1, 9, 2], "texture": "#0"},
				"up": {"uv": [9, 1, 5, 2], "texture": "#0"}
			}
		},
		{
			"from": [6, 8, 12],
			"to": [10, 9, 13],
			"rotation": {"angle": 0, "axis": "y", "origin": [8, 8, 8]},
			"faces": {
				"north": {"uv": [9, 1, 5, 2], "texture": "#0"},
				"east": {"uv": [9, 1, 8, 2], "texture": "#0"},
				"south": {"uv": [5, 1, 9, 2], "texture": "#0"},
				"west": {"uv": [6, 1, 5, 2], "texture": "#0"},
				"up": {"uv": [5, 1, 9, 2], "texture": "#0"}
			}
		},
		{
			"from": [12, 8, 6],
			"to": [13, 9, 10],
			"rotation": {"angle": 0, "axis": "y", "origin": [8, 8, 8]},
			"faces": {
				"north": {"uv": [9, 1, 8, 2], "texture": "#0"},
				"east": {"uv": [5, 1, 9, 2], "texture": "#0"},
				"south": {"uv": [6, 1, 5, 2], "texture": "#0"},
				"west": {"uv": [9, 1, 5, 2], "texture": "#0"},
				"up": {"uv": [5, 1, 9, 2], "rotation": 270, "texture": "#0"}
			}
		},
		{
			"from": [2.5, 6, 7],
			"to": [3, 8, 9],
			"rotation": {"angle": 0, "axis": "y", "origin": [8, 8, 8]},
			"faces": {
				"north": {"uv": [7, 7, 8, 9], "texture": "#1"},
				"south": {"uv": [8, 7, 9, 9], "texture": "#1"},
				"west": {"uv": [7, 7, 9, 9], "texture": "#1"},
				"up": {"uv": [9, 7, 7, 8], "rotation": 270, "texture": "#1"},
				"down": {"uv": [9, 8, 7, 9], "rotation": 90, "texture": "#1"}
			}
		}
	],
	"display": {
		"thirdperson_righthand": {
			"rotation": [75, 45, 0],
			"translation": [0, 2.5, 0],
			"scale": [0.375, 0.375, 0.375]
		},
		"thirdperson_lefthand": {
			"rotation": [75, 45, 0],
			"translation": [0, 2.5, 0],
			"scale": [0.375, 0.375, 0.375]
		},
		"firstperson_righthand": {
			"rotation": [0, 45, 0],
			"scale": [0.4, 0.4, 0.4]
		},
		"firstperson_lefthand": {
			"rotation": [0, 225, 0],
			"scale": [0.4, 0.4, 0.4]
		},
		"ground": {
			"translation": [0, -0.5, 0]
		},
		"gui": {
			"rotation": [30, 225, 0],
			"translation": [0, -0.5, 0]
		},
		"head": {
			"translation": [0, 6.4, 0],
			"scale": [1.6, 1.6, 1.6]
		},
		"fixed": {
			"scale": [1.5, 1.5, 1.5]
		}
	}
}