{
	"credit": "Made with Blockbench",
	"textures": {
		"0": "item/magic_hat",
		"particle": "item/magic_hat"
	},
	"elements": [
		{
			"from": [3, 6.6, 3],
			"to": [13, 8.6, 13],
			"rotation": {"angle": 0, "axis": "y", "origin": [8, 9.35, 8]},
			"faces": {
				"north": {"uv": [0, 8, 10, 10], "texture": "#0"},
				"east": {"uv": [0, 8, 10, 10], "texture": "#0"},
				"south": {"uv": [0, 8, 10, 10], "texture": "#0"},
				"west": {"uv": [0, 8, 10, 10], "texture": "#0"},
				"up": {"uv": [0, 10, 4, 14], "rotation": 270, "texture": "#0"},
				"down": {"uv": [4, 10, 8, 14], "rotation": 90, "texture": "#0"}
			}
		},
		{
			"from": [4, 8.6, 4],
			"to": [12, 13.6, 12],
			"rotation": {"angle": 0, "axis": "y", "origin": [8, 9.35, 8]},
			"faces": {
				"north": {"uv": [0, 0, 8, 5], "texture": "#0"},
				"east": {"uv": [0, 0, 8, 5], "texture": "#0"},
				"south": {"uv": [0, 0, 8, 5], "texture": "#0"},
				"west": {"uv": [0, 0, 8, 5], "texture": "#0"},
				"up": {"uv": [8, 0, 16, 8], "rotation": 180, "texture": "#0"}
			}
		}
	],
	"display": {
		"thirdperson_righthand": {
			"rotation": [75, 45, 0],
			"translation": [0, 2.5, 0],
			"scale": [0.375, 0.375, 0.375]
		},
		"thirdperson_lefthand": {
			"rotation": [75, 45, 0],
			"translation": [0, 2.5, 0],
			"scale": [0.375, 0.375, 0.375]
		},
		"firstperson_righthand": {
			"rotation": [0, 45, 0],
			"scale": [0.4, 0.4, 0.4]
		},
		"firstperson_lefthand": {
			"rotation": [0, 225, 0],
			"scale": [0.4, 0.4, 0.4]
		},
		"ground": {
			"translation": [0, -0.5, 0]
		},
		"gui": {
			"rotation": [30, 225, 0],
			"translation": [0, -1, 0]
		},
		"head": {
			"translation": [0, 6.4, 0],
			"scale": [1.6, 1.6, 1.6]
		},
		"fixed": {
			"translation": [0, -2.5, 0],
			"scale": [1.5, 1.5, 1.5]
		}
	}
}