{
	"credit": "Made with Blockbench",
	"textures": {
		"0": "item/potato",
		"particle": "item/potato"
	},
	"elements": [
		{
			"from": [5.5244, 8.0084, 5.66507],
			"to": [6.1044, 8.5884, 7.98507],
			"rotation": {"angle": 0, "axis": "z", "origin": [8.4244, 8.0344, 7.95285]},
			"faces": {
				"north": {"uv": [7, 13, 8, 14], "rotation": 270, "texture": "#0"},
				"south": {"uv": [4, 13, 5, 14], "rotation": 90, "texture": "#0"},
				"west": {"uv": [4, 13, 8, 14], "rotation": 90, "texture": "#0"},
				"up": {"uv": [4, 13, 8, 14], "rotation": 90, "texture": "#0"},
				"down": {"uv": [4, 13, 8, 14], "rotation": 90, "texture": "#0"}
			}
		},
		{
			"from": [6.1044, 8.0084, 5.08507],
			"to": [6.6844, 8.5884, 9.14507],
			"rotation": {"angle": 0, "axis": "z", "origin": [8.4244, 8.0344, 7.95285]},
			"faces": {
				"north": {"uv": [4, 12, 3, 13], "rotation": 270, "texture": "#0"},
				"south": {"uv": [10, 12, 9, 13], "rotation": 90, "texture": "#0"},
				"west": {"uv": [3, 12, 10, 13], "texture": "#0"},
				"up": {"uv": [3, 12, 10, 13], "rotation": 90, "texture": "#0"},
				"down": {"uv": [10, 12, 3, 13], "rotation": 90, "texture": "#0"}
			}
		},
		{
			"from": [6.6844, 8.0084, 4.50507],
			"to": [7.2644, 8.5884, 10.30507],
			"rotation": {"angle": 0, "axis": "z", "origin": [8.4244, 8.0344, 7.95285]},
			"faces": {
				"north": {"uv": [2, 11, 3, 12], "rotation": 270, "texture": "#0"},
				"south": {"uv": [11, 11, 12, 12], "rotation": 90, "texture": "#0"},
				"west": {"uv": [2, 11, 12, 12], "texture": "#0"},
				"up": {"uv": [2, 11, 12, 12], "rotation": 90, "texture": "#0"},
				"down": {"uv": [2, 11, 12, 12], "rotation": 270, "texture": "#0"}
			}
		},
		{
			"from": [7.2644, 8.0084, 4.50507],
			"to": [7.8444, 8.5884, 10.88507],
			"rotation": {"angle": 0, "axis": "z", "origin": [8.4244, 8.0344, 7.95285]},
			"faces": {
				"north": {"uv": [2, 10, 3, 11], "rotation": 270, "texture": "#0"},
				"south": {"uv": [12, 10, 13, 11], "rotation": 90, "texture": "#0"},
				"west": {"uv": [2, 10, 13, 11], "texture": "#0"},
				"up": {"uv": [2, 10, 13, 11], "rotation": 90, "texture": "#0"},
				"down": {"uv": [13, 10, 2, 11], "rotation": 90, "texture": "#0"}
			}
		},
		{
			"from": [7.8444, 8.0084, 4.50507],
			"to": [9.0044, 8.5884, 11.46507],
			"rotation": {"angle": 0, "axis": "z", "origin": [8.4244, 8.0344, 7.95285]},
			"faces": {
				"north": {"uv": [2, 8, 3, 10], "rotation": 270, "texture": "#0"},
				"east": {"uv": [2, 8, 14, 9], "rotation": 180, "texture": "#0"},
				"south": {"uv": [13, 8, 14, 10], "rotation": 90, "texture": "#0"},
				"west": {"uv": [2, 8, 14, 10], "texture": "#0"},
				"up": {"uv": [2, 8, 14, 10], "rotation": 90, "texture": "#0"},
				"down": {"uv": [14, 8, 2, 10], "rotation": 90, "texture": "#0"}
			}
		},
		{
			"from": [9.0044, 8.0084, 5.08507],
			"to": [9.5844, 8.5884, 11.46507],
			"rotation": {"angle": 0, "axis": "z", "origin": [8.4244, 8.0344, 7.95285]},
			"faces": {
				"north": {"uv": [3, 7, 4, 8], "rotation": 270, "texture": "#0"},
				"east": {"uv": [3, 7, 14, 8], "rotation": 180, "texture": "#0"},
				"south": {"uv": [13, 7, 14, 8], "rotation": 90, "texture": "#0"},
				"up": {"uv": [3, 7, 14, 8], "rotation": 90, "texture": "#0"},
				"down": {"uv": [14, 7, 3, 8], "rotation": 90, "texture": "#0"}
			}
		},
		{
			"from": [9.5844, 8.0084, 5.66507],
			"to": [10.1644, 8.5884, 11.46507],
			"rotation": {"angle": 0, "axis": "z", "origin": [8.4244, 8.0344, 7.95285]},
			"faces": {
				"north": {"uv": [4, 6, 5, 7], "rotation": 270, "texture": "#0"},
				"east": {"uv": [4, 6, 14, 7], "rotation": 180, "texture": "#0"},
				"south": {"uv": [13, 6, 14, 7], "rotation": 90, "texture": "#0"},
				"up": {"uv": [4, 6, 14, 7], "rotation": 90, "texture": "#0"},
				"down": {"uv": [14, 6, 4, 7], "rotation": 90, "texture": "#0"}
			}
		},
		{
			"from": [10.1644, 8.0084, 6.24507],
			"to": [10.7444, 8.5884, 10.88507],
			"rotation": {"angle": 0, "axis": "z", "origin": [8.4244, 8.0344, 7.95285]},
			"faces": {
				"north": {"uv": [5, 5, 6, 6], "rotation": 270, "texture": "#0"},
				"east": {"uv": [5, 5, 13, 6], "rotation": 180, "texture": "#0"},
				"south": {"uv": [12, 5, 13, 6], "rotation": 90, "texture": "#0"},
				"up": {"uv": [5, 5, 13, 6], "rotation": 90, "texture": "#0"},
				"down": {"uv": [13, 5, 5, 6], "rotation": 90, "texture": "#0"}
			}
		},
		{
			"from": [10.7444, 8.0084, 7.98507],
			"to": [11.3244, 8.5884, 10.30507],
			"rotation": {"angle": 0, "axis": "z", "origin": [8.4244, 8.0344, 7.95285]},
			"faces": {
				"north": {"uv": [8, 4, 9, 5], "rotation": 270, "texture": "#0"},
				"east": {"uv": [8, 4, 12, 5], "rotation": 180, "texture": "#0"},
				"south": {"uv": [11, 4, 12, 5], "rotation": 90, "texture": "#0"},
				"up": {"uv": [8, 4, 12, 5], "rotation": 90, "texture": "#0"},
				"down": {"uv": [12, 4, 8, 5], "rotation": 90, "texture": "#0"}
			}
		}
	],
	"display": {
		"thirdperson_righthand": {
			"rotation": [75, 45, 0],
			"translation": [0, 2.5, 0],
			"scale": [0.375, 0.375, 0.375]
		},
		"thirdperson_lefthand": {
			"rotation": [75, 45, 0],
			"translation": [0, 2.5, 0],
			"scale": [0.375, 0.375, 0.375]
		},
		"firstperson_righthand": {
			"rotation": [0, 45, 0],
			"scale": [0.4, 0.4, 0.4]
		},
		"firstperson_lefthand": {
			"rotation": [0, 225, 0],
			"scale": [0.4, 0.4, 0.4]
		},
		"ground": {
			"translation": [0, -0.5, 0]
		},
		"gui": {
			"rotation": [0, 90, 90],
			"translation": [0, -1.25, 0],
			"scale": [2.14, 2.14, 2.14]
		},
		"head": {
			"translation": [-0.5, 6.4, 0],
			"scale": [1.6, 1.6, 1.6]
		},
		"fixed": {
			"scale": [1.5, 1.5, 1.5]
		}
	},
	"groups": [
		{
			"name": "group",
			"origin": [8.4244, 8.0344, 7.95285],
			"color": 0,
			"children": [0, 1, 2, 3, 4, 5, 6, 7, 8]
		}
	]
}