{
	"credit": "Made with Blockbench",
	"textures": {
		"0": "block/gold_block",
		"1": "item/royal_guard_helmet",
		"particle": "block/gold_block"
	},
	"elements": [
		{
			"from": [3, 6, 3],
			"to": [13, 18, 13],
			"rotation": {"angle": 0, "axis": "y", "origin": [8, 8, 8]},
			"faces": {
				"north": {"uv": [0, 0, 10, 12], "texture": "#1"},
				"east": {"uv": [0, 0, 10, 12], "texture": "#1"},
				"south": {"uv": [0, 0, 10, 12], "texture": "#1"},
				"west": {"uv": [0, 0, 10, 12], "texture": "#1"},
				"up": {"uv": [0, 2, 10, 12], "rotation": 90, "texture": "#1"},
				"down": {"uv": [0, 0, 10, 10], "rotation": 90, "texture": "#1"}
			}
		},
		{
			"from": [5.1, -0.6, 3.4],
			"to": [6.1, 6, 12.6],
			"rotation": {"angle": 0, "axis": "y", "origin": [8, 8, 8]},
			"faces": {
				"north": {"uv": [1, 1, 2, 8], "texture": "#0"},
				"east": {"uv": [11, 1, 1, 8], "texture": "#0"},
				"south": {"uv": [10, 1, 11, 8], "texture": "#0"},
				"west": {"uv": [1, 1, 11, 8], "texture": "#0"},
				"down": {"uv": [11, 7, 1, 8], "rotation": 90, "texture": "#0"}
			}
		},
		{
			"from": [5, 1, 5],
			"to": [6.2, 6, 11],
			"rotation": {"angle": 0, "axis": "y", "origin": [8, 8, 8]},
			"faces": {
				"north": {"uv": [0, 0, 1.2, 5], "texture": "#1"},
				"east": {"uv": [0, 0, 6, 5], "texture": "#1"},
				"south": {"uv": [0, 0, 1.2, 5], "texture": "#1"},
				"west": {"uv": [0, 0, 6, 5], "texture": "#1"},
				"up": {"uv": [0, 0, 6, 1.2], "rotation": 270, "texture": "#1"},
				"down": {"uv": [0, 0, 6, 1.2], "rotation": 90, "texture": "#1"}
			}
		}
	],
	"display": {
		"thirdperson_righthand": {
			"rotation": [75, 45, 0],
			"translation": [0, 2.5, 0],
			"scale": [0.375, 0.375, 0.375]
		},
		"thirdperson_lefthand": {
			"rotation": [75, 45, 0],
			"translation": [0, 2.5, 0],
			"scale": [0.375, 0.375, 0.375]
		},
		"firstperson_righthand": {
			"rotation": [0, 45, 0],
			"scale": [0.4, 0.4, 0.4]
		},
		"firstperson_lefthand": {
			"rotation": [0, 225, 0],
			"scale": [0.4, 0.4, 0.4]
		},
		"ground": {
			"translation": [0, -0.5, 0]
		},
		"gui": {
			"rotation": [30, 225, 0],
			"translation": [0, -1.5, 0]
		},
		"head": {
			"translation": [0, 6.4, 0],
			"scale": [1.6, 1.6, 1.6]
		},
		"fixed": {
			"scale": [1.5, 1.5, 1.5]
		}
	}
}