{
	"credit": "Made with Blockbench",
	"textures": {
		"0": "item/unicorn",
		"particle": "item/unicorn"
	},
	"elements": [
		{
			"from": [4.96066, 7.9379, 6.91074],
			"to": [6.96066, 12.9379, 8.91074],
			"rotation": {"angle": 45, "axis": "z", "origin": [6.9, 6.17504, 7.91074]},
			"faces": {
				"north": {"uv": [0, 12, 10, 16], "rotation": 270, "texture": "#0"},
				"east": {"uv": [0, 12, 10, 16], "rotation": 270, "texture": "#0"},
				"south": {"uv": [0, 12, 10, 16], "rotation": 270, "texture": "#0"},
				"west": {"uv": [0, 12, 10, 16], "rotation": 270, "texture": "#0"},
				"up": {"uv": [0, 12, 4, 16], "rotation": 180, "texture": "#0"}
			}
		},
		{
			"from": [5.98926, 3, 7.41074],
			"to": [12.98926, 9, 8.41074],
			"rotation": {"angle": 0, "axis": "y", "origin": [6.9, 6.17504, 7.91074]},
			"faces": {
				"north": {"uv": [0, 0, 14, 12], "texture": "#0"},
				"east": {"uv": [0, 0, 2, 12], "texture": "#0"},
				"south": {"uv": [14, 0, 0, 12], "texture": "#0"},
				"west": {"uv": [12, 0, 14, 12], "texture": "#0"},
				"up": {"uv": [0, 0, 14, 2], "rotation": 180, "texture": "#0"},
				"down": {"uv": [0, 10, 14, 12], "rotation": 180, "texture": "#0"}
			}
		}
	],
	"display": {
		"thirdperson_righthand": {
			"rotation": [75, 45, 0],
			"translation": [0, 2.5, 0],
			"scale": [0.375, 0.375, 0.375]
		},
		"thirdperson_lefthand": {
			"rotation": [75, 45, 0],
			"translation": [0, 2.5, 0],
			"scale": [0.375, 0.375, 0.375]
		},
		"firstperson_righthand": {
			"rotation": [0, 45, 0],
			"scale": [0.4, 0.4, 0.4]
		},
		"firstperson_lefthand": {
			"rotation": [0, 225, 0],
			"scale": [0.4, 0.4, 0.4]
		},
		"ground": {
			"translation": [0, -0.5, 0]
		},
		"gui": {
			"rotation": [30, 225, 0],
			"translation": [-1.25, 2.75, 0],
			"scale": [1.5, 1.5, 1.5]
		},
		"head": {
			"translation": [0, 6.4, 0],
			"scale": [1.6, 1.6, 1.6]
		},
		"fixed": {
			"translation": [0, 0, 5.75],
			"scale": [1.5, 1.5, 1.5]
		}
	}
}