{
	"credit": "Made with Blockbench",
	"textures": {
		"0": "item/witch_hat",
		"particle": "item/witch_hat"
	},
	"elements": [
		{
			"from": [3, 6.6, 3],
			"to": [13, 8.6, 13],
			"rotation": {"angle": 0, "axis": "y", "origin": [8, 10.82404, 7.73933]},
			"faces": {
				"north": {"uv": [5, 5, 0, 6], "texture": "#0"},
				"east": {"uv": [9.5, 5, 4.5, 6], "texture": "#0"},
				"south": {"uv": [14.5, 5, 9.5, 6], "texture": "#0"},
				"west": {"uv": [16, 5, 11, 6], "texture": "#0"},
				"up": {"uv": [4.5, 5, 9.5, 0], "rotation": 270, "texture": "#0"},
				"down": {"uv": [9.5, 5, 14.5, 0], "rotation": 90, "texture": "#0"}
			}
		},
		{
			"from": [4.5, 8.67194, 4.55166],
			"to": [11.5, 11.67194, 11.55166],
			"rotation": {"angle": 0, "axis": "z", "origin": [8, 10.82404, 7.73933]},
			"faces": {
				"north": {"uv": [9.5, 10, 6.5, 11.5], "texture": "#0"},
				"east": {"uv": [13.5, 10, 10, 11.5], "texture": "#0"},
				"south": {"uv": [3, 10, 0, 11.5], "texture": "#0"},
				"west": {"uv": [6.5, 10, 3, 11.5], "texture": "#0"},
				"up": {"uv": [3, 9.5, 6.5, 6], "rotation": 270, "texture": "#0"}
			}
		},
		{
			"from": [6, 9.48934, 6.24504],
			"to": [10, 13.48934, 10.24504],
			"rotation": {"angle": -22.5, "axis": "x", "origin": [8, 10.82404, 7.73933]},
			"faces": {
				"north": {"uv": [2, 13.5, 0, 15.5], "texture": "#0"},
				"east": {"uv": [2, 13.5, 0, 15.5], "texture": "#0"},
				"south": {"uv": [2, 13.5, 0, 15.5], "texture": "#0"},
				"west": {"uv": [2, 13.5, 0, 15.5], "texture": "#0"},
				"up": {"uv": [1.5, 13.5, 3.5, 11.5], "rotation": 270, "texture": "#0"}
			}
		},
		{
			"from": [7, 11.43789, 4.01445],
			"to": [9, 13.43789, 6.01445],
			"rotation": {"angle": 45, "axis": "x", "origin": [8, 10.82404, 7.73933]},
			"faces": {
				"north": {"uv": [8, 15, 8.5, 14.5], "rotation": 90, "texture": "#0"},
				"east": {"uv": [7.5, 16, 8.5, 15], "rotation": 270, "texture": "#0"},
				"west": {"uv": [7.5, 16, 8.5, 15], "rotation": 90, "texture": "#0"},
				"up": {"uv": [8.5, 15, 7.5, 16], "texture": "#0"},
				"down": {"uv": [8.5, 15, 7.5, 16], "rotation": 180, "texture": "#0"}
			}
		}
	],
	"display": {
		"thirdperson_righthand": {
			"rotation": [75, 45, 0],
			"translation": [0, 2.5, 0],
			"scale": [0.375, 0.375, 0.375]
		},
		"thirdperson_lefthand": {
			"rotation": [75, 45, 0],
			"translation": [0, 2.5, 0],
			"scale": [0.375, 0.375, 0.375]
		},
		"firstperson_righthand": {
			"rotation": [0, 45, 0],
			"scale": [0.4, 0.4, 0.4]
		},
		"firstperson_lefthand": {
			"rotation": [0, 225, 0],
			"scale": [0.4, 0.4, 0.4]
		},
		"ground": {
			"translation": [0, -0.5, 0]
		},
		"gui": {
			"rotation": [30, 225, 0],
			"translation": [0, 0.5, 0]
		},
		"head": {
			"translation": [0, 6.4, 0],
			"scale": [1.6, 1.6, 1.6]
		},
		"fixed": {
			"scale": [1.5, 1.5, 1.5]
		}
	}
}