{
  "variants": {
    "power=0": {
      "model": "minecraft:block/heavy_weighted_pressure_plate"
    },
    "power=1": {
      "model": "minecraft:hat_rack/witch_hat"
    },
    "power=10": {
      "model": "minecraft:hat_rack/potato"
    },
    "power=11": {
      "model": "minecraft:block/heavy_weighted_pressure_plate_down"
    },
    "power=12": {
      "model": "minecraft:block/heavy_weighted_pressure_plate_down"
    },
    "power=13": {
      "model": "minecraft:block/heavy_weighted_pressure_plate_down"
    },
    "power=14": {
      "model": "minecraft:block/heavy_weighted_pressure_plate_down"
    },
    "power=15": {
      "model": "minecraft:block/heavy_weighted_pressure_plate_down"
    },
    "power=2": {
      "model": "minecraft:hat_rack/firefighter"
    },
    "power=3": {
      "model": "minecraft:hat_rack/royal_guard_helmet"
    },
    "power=4": {
      "model": "minecraft:hat_rack/magic_hat"
    },
    "power=5": {
      "model": "minecraft:hat_rack/hunter_hat"
    },
    "power=6": {
      "model": "minecraft:hat_rack/unicorn"
    },
    "power=7": {
      "model": "minecraft:hat_rack/mushroom"
    },
    "power=8": {
      "model": "minecraft:hat_rack/crown"
    },
    "power=9": {
      "model": "minecraft:block/red_stained_glass"
    }
  }
}