{
	"credit": "Made with Blockbench",
	"textures": {
		"0": "item/cosmetics",
		"particle": "item/cosmetics"
	},
	"elements": [
		{
			"from": [-10.3, 0, 7.39],
			"to": [28.74, 8.784, 7.39],
			"rotation": {"angle": 0, "axis": "y", "origin": [8, 9.76, 16.54]},
			"faces": {
				"north": {"uv": [0, 0, 15.97674, 3.32558], "texture": "#0"}
			}
		}
	],
	"display": {
		"gui": {
			"rotation": [0, -180, 0],
			"translation": [0.5, 2.25, 0],
			"scale": [0.5, 0.5, 0.5]
		},
		"fixed": {
			"translation": [-3, -5.25, 0],
			"scale": [2.9, 2.9, 2.9]
		}
	}
}