{
	"credit": "Made with Blockbench",
	"textures": {
		"0": "item/oneiricforge"
	},
	"elements": [
		{
			"from": [-16, -16, 6.4],
			"to": [32, 32, 6.4],
			"rotation": {"angle": 0, "axis": "y", "origin": [8, 8, 15]},
			"faces": {
				"north": {"uv": [0, 0, 16, 16], "texture": "#0"},
				"east": {"uv": [0, 0, 0, 16], "texture": "#missing"},
				"south": {"uv": [0, 8.992, 7.472, 14.159], "texture": "#0"},
				"west": {"uv": [0, 0, 0, 16], "texture": "#missing"},
				"up": {"uv": [0, 0, 16, 0], "texture": "#missing"},
				"down": {"uv": [0, 0, 16, 0], "texture": "#missing"}
			}
		}
	],
	"display": {
		"firstperson_righthand": {
			"scale": [0.3, 0.18, 0.3]
		},
		"firstperson_lefthand": {
			"translation": [0, 2.25, 0],
			"scale": [0.3, 0.17, 0.3]
		},
		"gui": {
			"scale": [0.34, 0.28, 0.26]
		},
		"fixed": {
			"translation": [0, 0, 2],
			"scale": [2, 2, 2]
		}
	}
}