{
	"credit": "Made with Blockbench",
	"textures": {
		"1": "item/teams",
		"2": "item/themap",
		"particle": "item/teams"
	},
	"elements": [
		{
			"from": [0.2, 3.9125, 6.75],
			"to": [15.6, 8.0375, 6.75],
			"rotation": {"angle": 0, "axis": "y", "origin": [8.01, 3.8025, 11.975]},
			"faces": {
				"north": {"uv": [0, 5.94444, 16, 10.38889], "texture": "#1"}
			}
		},
		{
			"from": [-13.92, 0, 8],
			"to": [29.92, 24, 8],
			"rotation": {"angle": 0, "axis": "y", "origin": [-13.92, 0, -13.92]},
			"faces": {
				"north": {"uv": [0, 0, 16, 16], "texture": "#2"}
			}
		}
	],
	"display": {
		"gui": {
			"rotation": [-180, 0, -180],
			"translation": [0.5, 2, 0],
			"scale": [0.5, 0.5, 0.5]
		},
		"fixed": {
			"translation": [0, 16.25, -1.25],
			"scale": [3.73, 3.73, 3.73]
		}
	}
}