{
	"credit": "Made with Blockbench",
	"textures": {
		"1": "item/teams",
		"particle": "item/teams"
	},
	"elements": [
		{
			"from": [-7, 0, 7.5],
			"to": [25, 5.9, 7.5],
			"rotation": {"angle": 0, "axis": "y", "origin": [8, 8, 15]},
			"faces": {
				"north": {"uv": [0, 0, 16, 2.94444], "texture": "#1"}
			}
		}
	],
	"display": {
		"gui": {
			"rotation": [0, -180, 0],
			"translation": [0.5, 2.25, 0],
			"scale": [0.5, 0.5, 0.5]
		},
		"fixed": {
			"translation": [0, 9.75, -0.25],
			"scale": [2, 2, 2]
		}
	}
}