{
    "targets": [
        "swap",
        "final"
    ],
    "passes": [
                {
            "name": "scan_pincushion",
            "intarget": "minecraft:main",
            "outtarget": "swap"
        },
        {
            "name": "color_convolve",
            "intarget": "swap",
            "outtarget": "final",
            "uniforms": [
                {
                    "name": "RedMatrix",
                    "values": [ 0.0, 1.0, 0.0 ]
                },
                {
                    "name": "GreenMatrix",
                    "values": [ 0.0, 1.0, 0.0 ]
                },
                {
                    "name": "BlueMatrix",
                    "values": [ 0.0, 1.0, 0.0 ]
                }
            ]
        },
        {
            "name": "blit",
            "intarget": "final",
            "outtarget": "swap"
        }
    ]
}