{
	"credit": "Made with Blockbench",
	"textures": {
		"0": "item/hunter_hat",
		"particle": "item/hunter_hat"
	},
	"elements": [
		{
			"from": [3, 5, 3],
			"to": [13, 9, 13],
			"faces": {
				"north": {"uv": [0, 10, 10, 14], "texture": "#0"},
				"east": {"uv": [10, 10, 14, 0], "rotation": 90, "texture": "#0"},
				"south": {"uv": [0, 10, 10, 14], "texture": "#0"},
				"west": {"uv": [10, 0, 14, 10], "rotation": 90, "texture": "#0"},
				"up": {"uv": [0, 10, 10, 0], "texture": "#0"},
				"down": {"uv": [0, 10, 10, 0], "texture": "#0"}
			}
		},
		{
			"from": [11, 0, 12.7],
			"to": [14, 6, 15.7],
			"faces": {
				"north": {"uv": [13, 10, 16, 16], "texture": "#0"},
				"east": {"uv": [13, 10, 16, 16], "texture": "#0"},
				"south": {"uv": [13, 10, 16, 16], "texture": "#0"},
				"west": {"uv": [13, 10, 16, 16], "texture": "#0"},
				"up": {"uv": [13, 10, 16, 13], "texture": "#0"},
				"down": {"uv": [13, 13, 16, 16], "texture": "#0"}
			}
		}
	],
	"display": {
		"thirdperson_righthand": {
			"rotation": [75, 45, 0],
			"translation": [0, 2.5, 0],
			"scale": [0.375, 0.375, 0.375]
		},
		"thirdperson_lefthand": {
			"rotation": [75, 45, 0],
			"translation": [0, 2.5, 0],
			"scale": [0.375, 0.375, 0.375]
		},
		"firstperson_righthand": {
			"rotation": [0, 45, 0],
			"scale": [0.4, 0.4, 0.4]
		},
		"firstperson_lefthand": {
			"rotation": [0, 225, 0],
			"scale": [0.4, 0.4, 0.4]
		},
		"ground": {
			"translation": [0, 2.25, 0]
		},
		"gui": {
			"rotation": [30, 225, 0],
			"translation": [1.25, 1, 0],
			"scale": [0.9, 0.9, 0.9]
		},
		"head": {
			"translation": [0, 6.4, 0],
			"scale": [1.6, 1.6, 1.6]
		},
		"fixed": {
			"scale": [1.5, 1.5, 1.5]
		}
	}
}