{
	"credit": "Made with Blockbench",
	"textures": {
		"0": "block/mushroom_stem",
		"1": "item/mushroom_hat",
		"particle": "block/mushroom_stem"
	},
	"elements": [
		{
			"from": [3, 4, 3],
			"to": [13, 9, 13],
			"faces": {
				"north": {"uv": [0, 10, 10, 15], "texture": "#1"},
				"east": {"uv": [0, 10, 10, 15], "texture": "#1"},
				"south": {"uv": [0, 10, 10, 15], "texture": "#1"},
				"west": {"uv": [0, 10, 10, 15], "texture": "#1"},
				"up": {"uv": [0, 0, 10, 10], "texture": "#1"},
				"down": {"uv": [10, 0, 14, 4], "texture": "#1"}
			}
		},
		{
			"from": [5, 1, 5],
			"to": [11, 4, 11],
			"faces": {
				"north": {"uv": [0, 0, 6, 3], "texture": "#0"},
				"east": {"uv": [0, 0, 6, 3], "texture": "#0"},
				"south": {"uv": [0, 0, 6, 3], "texture": "#0"},
				"west": {"uv": [0, 0, 6, 3], "texture": "#0"},
				"up": {"uv": [0, 0, 6, 6], "texture": "#0"},
				"down": {"uv": [0, 0, 6, 6], "texture": "#0"}
			}
		}
	],
	"display": {
		"thirdperson_righthand": {
			"rotation": [75, 45, 0],
			"translation": [0, 2.5, 0],
			"scale": [0.375, 0.375, 0.375]
		},
		"thirdperson_lefthand": {
			"rotation": [75, 45, 0],
			"translation": [0, 2.5, 0],
			"scale": [0.375, 0.375, 0.375]
		},
		"firstperson_righthand": {
			"rotation": [0, 45, 0],
			"scale": [0.4, 0.4, 0.4]
		},
		"firstperson_lefthand": {
			"rotation": [0, 225, 0],
			"scale": [0.4, 0.4, 0.4]
		},
		"ground": {
			"translation": [0, 3, 0]
		},
		"gui": {
			"rotation": [30, 225, 0],
			"translation": [0, 2.25, 0]
		},
		"head": {
			"translation": [0, 6.4, 0],
			"scale": [1.6, 1.6, 1.6]
		},
		"fixed": {
			"translation": [0, 2, 0],
			"scale": [1.5, 1.5, 1.5]
		}
	}
}