{
	"credit": "Made with Blockbench",
	"textures": {
		"0": "item/thug_life",
		"particle": "item/thug_life"
	},
	"elements": [
		{
			"from": [3, 2.2, 3],
			"to": [13, 4.1, 3],
			"faces": {
				"north": {"uv": [0, 1, 13, 3.5], "texture": "#0"},
				"east": {"uv": [0, 0, 0, 4], "texture": "#missing"},
				"south": {"uv": [13, 1, 0, 3.5], "texture": "#0"},
				"west": {"uv": [0, 0, 0, 4], "texture": "#missing"},
				"up": {"uv": [0, 0, 13, 0], "texture": "#missing"},
				"down": {"uv": [0, 0, 13, 0], "texture": "#missing"}
			}
		},
		{
			"from": [3, 3.348, 3],
			"to": [3, 4.1, 8],
			"rotation": {"angle": 0, "axis": "y", "origin": [8, 3.15, 3]},
			"faces": {
				"north": {"uv": [0, 1, 13, 1.5], "texture": "#0"},
				"east": {"uv": [0, 1, 13, 1.5], "texture": "#0"},
				"south": {"uv": [0, 1, 13, 1.5], "texture": "#0"},
				"west": {"uv": [0, 1, 13, 1.5], "texture": "#0"},
				"up": {"uv": [0, 1, 13, 1.5], "texture": "#0"},
				"down": {"uv": [0, 1, 13, 1.5], "texture": "#0"}
			}
		},
		{
			"from": [13, 3.348, 3],
			"to": [13, 4.1, 8],
			"rotation": {"angle": 0, "axis": "y", "origin": [8, 3.15, 3]},
			"faces": {
				"north": {"uv": [0, 1, 13, 1.5], "texture": "#0"},
				"east": {"uv": [0, 1, 13, 1.5], "texture": "#0"},
				"south": {"uv": [0, 1, 13, 1.5], "texture": "#0"},
				"west": {"uv": [0, 1, 13, 1.5], "texture": "#0"},
				"up": {"uv": [0, 1, 13, 1.5], "texture": "#0"},
				"down": {"uv": [0, 1, 13, 1.5], "texture": "#0"}
			}
		}
	],
	"display": {
		"thirdperson_righthand": {
			"rotation": [75, 45, 0],
			"translation": [0, 2.5, 0],
			"scale": [0.375, 0.375, 0.375]
		},
		"thirdperson_lefthand": {
			"rotation": [75, 45, 0],
			"translation": [0, 2.5, 0],
			"scale": [0.375, 0.375, 0.375]
		},
		"firstperson_righthand": {
			"rotation": [0, 45, 0],
			"scale": [0.4, 0.4, 0.4]
		},
		"firstperson_lefthand": {
			"rotation": [0, 225, 0],
			"scale": [0.4, 0.4, 0.4]
		},
		"ground": {
			"translation": [0, -0.5, 0]
		},
		"gui": {
			"rotation": [30, 225, 0],
			"translation": [-2, 3.5, 0]
		},
		"head": {
			"translation": [0, 6.4, 0],
			"scale": [1.6, 1.6, 1.6]
		},
		"fixed": {
			"scale": [1.5, 1.5, 1.5]
		}
	}
}