{
	"credit": "Made with Blockbench",
	"textures": {
		"0": "item/unicorn",
		"particle": "item/unicorn"
	},
	"elements": [
		{
			"from": [7, 8, 1],
			"to": [9, 13, 3],
			"rotation": {"angle": -45, "axis": "x", "origin": [8, 11, 5]},
			"faces": {
				"north": {"uv": [0, 12, 10, 16], "rotation": 270, "texture": "#0"},
				"east": {"uv": [0, 12, 10, 16], "rotation": 270, "texture": "#0"},
				"south": {"uv": [0, 12, 10, 16], "rotation": 270, "texture": "#0"},
				"west": {"uv": [0, 12, 10, 16], "rotation": 270, "texture": "#0"},
				"up": {"uv": [0, 12, 4, 16], "rotation": 270, "texture": "#0"}
			}
		},
		{
			"from": [7.5, 3, 6],
			"to": [8.5, 9, 13],
			"faces": {
				"north": {"uv": [12, 0, 14, 12], "texture": "#0"},
				"east": {"uv": [0, 0, 14, 12], "texture": "#0"},
				"south": {"uv": [0, 0, 2, 12], "texture": "#0"},
				"west": {"uv": [14, 0, 0, 12], "texture": "#0"},
				"up": {"uv": [0, 0, 14, 2], "rotation": 270, "texture": "#0"},
				"down": {"uv": [0, 10, 14, 12], "rotation": 90, "texture": "#0"}
			}
		}
	],
	"display": {
		"thirdperson_righthand": {
			"rotation": [75, 45, 0],
			"translation": [0, 2.5, 0],
			"scale": [0.375, 0.375, 0.375]
		},
		"thirdperson_lefthand": {
			"rotation": [75, 45, 0],
			"translation": [0, 2.5, 0],
			"scale": [0.375, 0.375, 0.375]
		},
		"firstperson_righthand": {
			"rotation": [0, 45, 0],
			"scale": [0.4, 0.4, 0.4]
		},
		"firstperson_lefthand": {
			"rotation": [0, 225, 0],
			"scale": [0.4, 0.4, 0.4]
		},
		"ground": {
			"translation": [0, -0.5, 0]
		},
		"gui": {
			"rotation": [30, 225, 0],
			"translation": [-1.25, 2.75, 0],
			"scale": [1.5, 1.5, 1.5]
		},
		"head": {
			"translation": [0, 6.4, 0],
			"scale": [1.6, 1.6, 1.6]
		},
		"fixed": {
			"translation": [0, 0, 5.75],
			"scale": [1.5, 1.5, 1.5]
		}
	}
}